SYMBOL,PROMOTER_HOLDING,FII_HOLDING,DII_HOLDING,PLEDGE_PERCENT
20MICRONS,39.89,13.81,5.19,0.54
21STCENMGM,52.69,11.56,3.81,4.1
360ONE,55.38,31.17,14.13,6.7
3BBLACKBIO,41.35,8.67,7.71,3.38
3IINFOLTD,23.07,14.46,3.87,3.25
3MINDIA,51.25,28.16,12.0,9.74
3PLAND,59.81,10.04,6.13,9.9
5PAISA,53.55,12.7,9.45,4.47
63MOONS,32.8,21.84,15.41,4.44
A2ZINFRA,40.32,8.16,3.16,2.83
AAATECH,27.52,8.24,3.5,4.88
AADHARHFC,24.45,30.3,10.38,4.07
AAKASH,61.33,4.74,9.21,9.91
AAREYDRUGS,57.07,6.03,6.9,9.86
AARNAV,41.08,6.49,4.82,0.85
AARON,39.27,5.72,6.33,1.3
AARTECH,60.24,2.29,9.49,9.93
AARTIDRUGS,42.7,2.5,6.75,2.13
AARTIIND,54.97,14.11,18.05,9.02
AARTIPHARM,54.75,12.15,6.63,4.46
AARTISURF,36.65,5.09,8.52,6.17
AARVI,58.61,6.48,4.12,7.39
AAVAS,24.13,11.07,14.32,6.56
ABAN,56.15,10.06,3.47,5.99
ABANSENT,48.52,8.81,2.36,9.41
ABB,50.08,24.46,15.55,4.27
ABBOTINDIA,55.98,39.72,27.78,1.82
ABCAPITAL,38.69,44.88,12.14,9.01
ABCOTS,53.17,2.51,1.88,0.88
ABDL,42.82,24.18,8.11,6.78
ABFRL,49.02,19.01,18.81,3.66
ABINFRA,56.78,14.37,6.09,0.7
ABLBL,44.71,22.08,17.44,1.93
ABMINTLLTD,63.22,4.03,8.76,0.1
ABMKNO,38.43,8.06,6.72,6.63
ABREL,40.47,18.77,17.47,2.42
ABSLAMC,53.35,36.29,13.64,8.3
ACC,37.58,41.17,24.92,5.09
ACCELYA,12.66,10.41,7.99,5.73
ACCURACY,61.28,8.54,7.66,8.66
ACE,64.79,22.16,19.02,2.09
ACEINTEG,35.54,10.01,5.73,0.88
ACI,45.96,24.12,7.5,8.12
ACL,59.05,6.33,6.15,2.22
ACMESOLAR,34.89,23.28,19.83,4.78
ACSTECH,47.39,4.49,6.84,0.14
ACUTAAS,59.81,20.82,24.01,9.1
ADANIENSOL,12.98,29.29,21.7,7.85
ADANIENT,61.04,34.21,15.35,4.4
ADANIGREEN,20.25,40.24,14.94,9.45
ADANIPORTS,36.78,40.74,29.34,0.77
ADANIPOWER,21.74,26.21,10.21,5.45
ADFFOODS,60.84,9.55,9.38,0.32
ADL,48.09,2.43,8.34,2.16
ADOR,45.96,5.58,1.73,6.68
ADROITINFO,17.85,13.97,5.11,2.4
ADSL,13.27,13.76,1.78,6.19
ADVAIT,37.33,8.0,2.06,2.09
ADVANCE,35.72,14.95,8.0,7.72
ADVANIHOTR,56.98,4.72,8.42,9.6
ADVENTHTL,52.41,5.43,3.36,1.52
ADVENZYMES,51.93,6.92,6.26,7.47
AEGISLOG,66.4,34.0,25.3,3.14
AEGISVOPAK,67.98,44.23,19.6,2.54
AEPL,46.99,4.81,5.71,8.61
AEQUS,73.53,19.59,15.72,3.75
AEROENTER,48.19,12.69,7.71,1.66
AEROFLEX,50.92,14.67,11.28,0.56
AERONEU,60.89,2.07,2.69,0.63
AETHER,63.54,19.95,13.21,7.16
AFCONS,58.83,18.29,18.66,2.0
AFFLE,57.59,34.1,19.23,0.49
AFFORDABLE,37.63,6.05,5.71,1.1
AFIL,37.68,12.6,4.04,9.16
AFSL,43.52,12.31,3.86,4.42
AGARIND,42.74,11.15,3.7,7.33
AGARWALEYE,64.16,12.07,8.52,4.81
AGI,55.45,7.6,5.82,5.19
AGIIL,41.49,4.68,5.2,0.53
AGRITECH,45.19,2.66,1.28,3.88
AGROPHOS,48.28,12.32,9.05,3.48
AGSTRA,13.8,14.21,8.58,0.96
AHCL,49.17,3.95,7.55,3.39
AHLADA,46.27,3.48,3.21,9.71
AHLEAST,60.53,9.93,7.47,1.27
AHLUCONT,62.25,24.99,15.43,9.16
AHLWEST,59.72,11.3,4.62,6.72
AIAENG,42.85,24.56,11.94,5.34
AIIL,52.44,21.44,25.65,8.7
AIRAN,24.93,7.19,2.46,7.47
AIROLAM,61.17,7.29,5.54,2.93
AJANTPHARM,61.85,32.94,23.59,7.74
AJAXENGG,62.43,15.7,12.68,0.72
AJMERA,52.32,5.48,3.88,8.34
AJOONI,44.63,9.42,4.17,9.43
AKASH,58.79,13.98,5.25,7.03
AKCAPIT,35.74,6.01,8.22,6.6
AKG,50.1,2.51,9.04,4.42
AKI,47.36,7.6,1.26,6.39
AKSHAR,50.07,4.17,1.37,9.12
AKSHARCHEM,53.37,2.41,1.01,6.56
AKSHOPTFBR,29.54,14.7,1.16,9.25
AKUMS,52.24,13.41,12.64,0.95
ALANKIT,25.22,3.02,8.81,5.8
ALBERTDAVD,37.24,8.75,8.4,9.63
ALEMBICLTD,63.89,3.15,5.63,0.08
ALGOQUANT,64.32,10.31,2.21,8.31
ALICON,42.42,13.82,8.48,8.97
ALIVUS,64.46,14.21,9.52,4.89
ALKALI,48.91,13.23,5.46,7.19
ALKEM,57.74,35.67,20.28,9.17
ALKYLAMINE,63.03,17.99,7.23,3.01
ALLCARGO,53.06,12.38,2.28,6.46
ALLDIGI,41.41,8.13,3.53,7.46
ALLTIME,60.26,11.01,5.79,6.86
ALMONDZ,56.19,14.17,4.71,4.66
ALOKINDS,60.01,17.02,18.54,1.85
ALPA,63.67,2.1,9.88,3.24
ALPHAGEO,63.66,5.31,2.67,0.43
AMAGI,23.81,15.06,14.19,2.59
AMANTA,50.04,2.82,2.94,6.25
AMBALALSA,45.15,9.76,8.38,1.47
AMBER,54.98,21.13,26.85,4.59
AMBICAAGAR,51.21,11.14,2.35,6.53
AMBIKCO,56.94,7.41,7.64,4.32
AMBUJACEM,63.35,36.05,19.48,3.5
AMDIND,36.3,3.2,9.72,5.24
AMIRCHAND,55.35,6.34,1.0,8.68
AMJLAND,47.25,13.13,8.95,7.24
AMNPLST,45.61,7.42,6.47,9.86
AMRUTANJAN,44.44,13.4,2.97,9.38
ANANDRATHI,55.56,29.95,29.41,5.72
ANANTRAJ,51.4,14.72,10.78,5.93
ANDHRAPAP,44.81,8.65,3.91,2.22
ANDHRSUGAR,60.31,10.17,5.4,2.93
ANGELONE,37.28,43.43,25.17,6.75
ANIKINDS,54.36,4.7,5.7,4.77
ANKITMETAL,58.13,8.49,3.68,3.83
ANMOL,68.88,7.44,2.12,7.57
ANSALAPI,61.73,10.01,1.8,8.74
ANTELOPUS,50.13,7.46,2.98,1.94
ANTGRAPHIC,35.31,13.05,3.69,4.98
ANTHEM,49.93,35.1,10.73,1.71
ANUHPHR,53.68,13.22,9.29,8.77
ANUP,37.7,6.43,8.45,8.57
ANURAS,49.48,14.89,11.77,1.17
APARINDS,59.72,40.33,27.36,1.69
APCL,40.64,8.6,5.14,3.3
APCOTEXIND,53.04,7.98,8.51,4.02
APEX,36.29,7.15,7.01,7.88
APLAPOLLO,37.92,30.48,19.05,5.18
APLLTD,43.68,13.22,18.16,6.44
APOLLO,72.55,21.17,19.09,7.31
APOLLOHOSP,40.42,34.15,20.02,5.83
APOLLOPIPE,45.42,2.5,7.97,6.24
APOLLOTYRE,59.87,33.12,14.65,2.55
APOLSINHOT,57.59,2.2,9.71,9.53
APTECHT,64.03,8.16,1.76,5.61
APTUS,33.07,23.42,11.21,1.92
AQYLON,58.1,10.74,9.15,7.38
ARCHIDPLY,51.55,11.83,2.65,3.12
ARCHIES,40.17,9.32,5.62,5.9
ARE&M,42.28,10.29,18.3,1.28
ARENTERP,58.4,5.14,5.74,2.67
ARFIN,63.91,5.98,6.9,4.24
ARIES,58.43,3.55,7.67,4.25
ARIHANT,61.41,13.54,8.87,3.19
ARIHANTCAP,51.99,5.81,1.74,8.04
ARIHANTSUP,60.32,11.81,2.2,1.48
ARIS,54.15,6.24,5.41,6.85
ARKADE,43.56,7.46,3.53,9.44
ARMANFIN,48.75,11.52,2.42,1.47
AROGRANITE,63.05,14.19,5.94,5.03
ARROWGREEN,51.8,6.19,2.47,8.12
ARSHIYA,59.81,3.13,2.63,0.44
ARSSBL,39.29,11.3,4.23,4.52
ARTEMISMED,63.76,11.83,2.24,2.48
ARTNIRMAN,57.74,8.64,5.31,4.62
ARVEE,63.77,9.66,1.75,6.93
ARVIND,35.53,23.41,7.06,4.81
ARVINDFASN,58.69,10.93,17.48,0.83
ARVSMART,44.56,6.45,8.79,1.68
ASAHIINDIA,37.67,22.21,18.43,1.38
ASAHISONG,60.74,6.76,3.2,9.28
ASAL,44.47,7.51,7.98,9.8
ASALCBR,36.31,6.57,6.75,9.73
ASHAPURMIN,58.93,12.13,16.54,9.79
ASHIANA,56.48,8.39,9.53,4.69
ASHIKA,60.46,4.32,7.83,1.37
ASHIMASYN,64.59,6.26,1.67,2.63
ASHOKA,37.35,2.76,8.12,0.31
ASHOKAMET,58.85,9.44,2.32,7.24
ASHOKLEY,53.64,39.64,28.95,6.77
ASIANENE,63.49,4.57,8.41,6.36
ASIANHOTNR,64.93,5.87,3.4,6.12
ASIANPAINT,46.99,26.77,11.19,6.48
ASIANTILES,49.7,8.71,4.49,3.52
ASKAUTOLTD,58.73,18.01,15.45,7.79
ASMS,18.26,5.38,8.71,2.65
ASPINWALL,60.55,3.01,9.97,0.21
ASTAR,56.12,12.5,8.72,7.97
ASTEC,62.53,11.74,6.83,6.03
ASTERDM,52.17,26.87,14.49,2.65
ASTRAL,52.8,29.09,17.51,2.84
ASTRAMICRO,13.87,13.01,17.45,2.52
ASTRAZEN,58.96,39.46,23.2,3.95
ASTRON,38.3,7.4,1.47,8.9
ATALREAL,36.31,6.59,1.0,8.79
ATAM,37.53,11.05,3.86,2.01
ATGL,11.89,24.2,16.28,1.51
ATHERENERG,47.58,32.75,16.72,0.59
ATL,44.24,14.44,3.94,5.72
ATLANTAA,56.75,4.27,9.29,3.39
ATLANTAELE,36.01,12.68,17.4,1.44
ATLASCYCLE,40.6,2.15,5.69,9.66
ATUL,48.24,22.49,13.91,5.8
ATULAUTO,42.5,11.93,5.46,5.77
AUBANK,27.76,25.47,22.58,8.22
AURIGROW,63.1,4.38,4.83,1.52
AURIONPRO,12.26,3.52,4.07,2.56
AUROPHARMA,46.83,31.59,28.8,3.71
AURUM,58.47,10.94,6.86,6.66
AUSOMENT,50.01,4.18,6.9,3.7
AUTOAXLES,59.18,5.62,5.37,5.35
AUTOIND,63.42,2.05,8.02,8.42
AVADHSUGAR,50.77,4.78,5.82,3.77
AVAILFC,47.44,10.39,2.99,9.46
AVALON,34.52,17.37,7.03,9.79
AVANTEL,21.61,8.17,1.01,3.54
AVANTIFEED,47.13,13.14,6.67,9.51
AVG,54.75,9.76,4.19,4.81
AVL,39.5,17.08,11.63,8.75
AVONMORE,56.01,9.08,8.25,4.54
AVROIND,45.49,11.83,6.16,9.34
AVTNPL,44.12,12.21,8.37,9.65
AWFIS,52.62,6.26,2.39,0.03
AWHCL,47.35,2.65,5.38,1.42
AWL,60.4,34.12,16.89,8.79
AXISBANK,18.62,20.94,28.73,8.02
AXISCADES,49.96,20.32,5.72,3.16
AXITA,45.23,13.51,5.76,9.6
AYE,57.18,11.38,3.63,3.56
AYMSYNTEX,52.24,8.65,8.16,9.38
AZAD,47.4,19.87,16.84,7.26
BAFNAPH,61.55,10.78,7.98,3.84
BAGFILMS,64.69,9.12,8.42,9.6
BAIDFIN,37.38,8.61,5.82,0.89
BAJAJ-AUTO,39.89,32.1,18.89,4.16
BAJAJCON,52.11,11.83,15.07,0.54
BAJAJELEC,37.09,11.67,7.55,0.59
BAJAJFINSV,49.93,28.45,27.2,8.59
BAJAJHCARE,45.05,7.69,4.07,3.96
BAJAJHFL,27.75,29.71,26.62,5.13
BAJAJHIND,59.11,4.33,3.07,3.57
BAJAJHLDNG,36.42,26.39,27.33,8.18
BAJAJINDEF,60.92,6.65,7.17,7.46
BAJAJST,53.58,13.53,9.46,9.11
BAJEL,11.64,5.78,1.26,3.15
BAJFINANCE,57.75,41.71,24.3,3.71
BALAJEE,47.23,6.53,5.85,4.15
BALAJITELE,54.47,11.99,2.9,3.04
BALAMINES,53.56,10.79,6.17,1.05
BALAXI,36.62,2.67,8.2,5.36
BALKRISHNA,48.87,11.03,8.94,0.39
BALKRISIND,51.65,27.65,24.66,3.29
BALMLAWRIE,56.58,3.17,5.6,0.59
BALPHARMA,49.84,6.72,3.14,0.07
BALRAMCHIN,63.63,10.43,10.7,6.01
BALUFORGE,58.52,11.49,7.52,4.25
BANARBEADS,44.24,10.54,5.16,1.56
BANARISUG,57.11,3.43,4.22,6.69
BANCOINDIA,40.91,14.04,7.53,6.74
BANDHANBNK,13.89,25.82,17.55,5.7
BANG,60.28,11.98,5.58,6.16
BANKA,58.67,9.44,8.28,4.84
BANKBARODA,34.88,36.63,29.29,2.15
BANKINDIA,21.52,43.09,12.47,2.37
BANSALWIRE,40.14,6.15,1.12,3.58
BANSWRAS,42.15,4.79,6.55,5.16
BASF,51.29,11.29,19.68,4.9
BASML,45.2,4.45,8.86,1.77
BATAINDIA,53.24,21.5,13.16,6.08
BATLIBOI,57.52,3.65,9.85,2.8
BAYERCROP,59.92,20.8,16.45,0.59
BBL,56.46,12.49,2.77,2.72
BBOX,34.27,10.25,5.83,2.17
BBTC,55.87,24.34,10.6,4.77
BBTCL,44.37,3.61,9.79,5.43
BCG,40.38,6.3,4.27,3.15
BCLIND,64.94,13.87,6.16,5.87
BCONCEPTS,39.79,4.23,4.03,3.42
BCPL,43.55,5.8,5.95,0.66
BDL,72.46,43.13,13.38,9.44
BEARDSELL,56.28,10.56,5.19,6.76
BECTORFOOD,36.72,13.12,11.46,9.04
BEDMUTHA,59.42,2.15,3.11,5.06
BEEKAY,51.75,5.31,8.49,6.7
BEL,60.79,36.83,21.69,4.32
BELLACASA,46.74,2.81,4.45,8.0
BELRISE,62.0,14.32,7.65,3.21
BEML,48.48,12.8,10.69,4.43
BENGALASM,43.01,2.88,8.96,4.38
BEPL,61.64,7.04,9.53,2.21
BERGEPAINT,57.59,28.57,24.91,7.63
BESTAGRO,38.23,4.21,7.65,4.62
BETA,47.52,2.77,5.38,4.58
BFINVEST,51.99,13.95,9.6,3.34
BFUTILITIE,50.1,9.63,5.75,7.17
BGLOBAL,29.34,3.34,5.64,6.56
BGRENERGY,62.66,3.14,4.64,7.37
BHAGCHEM,48.52,12.1,5.23,6.57
BHAGERIA,55.76,2.74,4.47,4.12
BHAGYANGR,42.8,8.0,8.65,0.16
BHANDARI,49.06,10.34,1.94,3.38
BHARATCOAL,56.45,6.5,4.88,0.71
BHARATFORG,60.71,25.98,27.4,0.62
BHARATGEAR,61.6,14.81,1.39,9.45
BHARATRAS,49.33,4.14,7.78,8.91
BHARATSE,47.49,3.81,2.68,8.84
BHARATWIRE,57.96,13.51,7.82,6.02
BHARTIARTL,42.19,26.25,25.44,3.07
BHARTIHEXA,42.66,44.27,24.25,0.72
BHEL,36.74,20.53,16.95,6.82
BI,40.25,6.61,9.55,7.35
BIGBLOC,63.05,13.26,5.77,8.18
BIKAJI,47.39,12.67,8.06,6.78
BIL,51.53,2.76,4.67,1.91
BILVYAPAR,57.02,7.97,7.52,1.98
BIMETAL,38.69,5.25,1.82,9.93
BIOCON,49.31,40.57,10.16,8.12
BIOFILCHEM,53.22,6.79,2.02,3.66
BIRLACABLE,18.98,6.72,7.42,2.53
BIRLACORPN,55.81,24.03,10.38,2.94
BIRLAMONEY,61.42,11.67,9.17,7.87
BIRLANU,36.71,14.56,2.25,1.81
BIRLAPREC,54.82,11.99,1.3,4.51
BLACKBUCK,23.99,19.27,17.75,1.52
BLACKROSE,52.05,10.68,1.58,2.39
BLAL,64.03,12.87,3.72,8.79
BLBLIMITED,41.98,5.44,2.7,1.35
BLIL,56.09,9.84,8.51,3.32
BLISSGVS,43.0,14.41,3.94,0.43
BLKASHYAP,57.44,9.06,5.85,0.89
BLS,61.35,11.83,17.1,3.01
BLSE,51.81,13.7,9.76,5.1
BLUECHIP,35.23,13.12,5.76,7.2
BLUECOAST,46.07,10.62,8.17,5.47
BLUEDART,39.38,12.18,9.56,7.26
BLUEJET,58.99,10.85,12.42,9.49
BLUESTARCO,48.62,24.56,17.63,5.69
BLUESTONE,37.36,11.87,9.8,9.24
BLUSPRING,43.11,5.47,7.32,5.69
BMWVENTLTD,57.61,8.2,8.41,0.88
BNAGROCHEM,52.6,6.43,9.21,7.3
BNALTD,61.3,14.94,9.83,2.26
BODALCHEM,60.05,8.97,2.88,1.1
BOHRAIND,44.54,7.09,3.07,4.89
BOMDYEING,42.07,3.45,1.16,3.17
BONLON,57.97,6.57,1.63,0.02
BORANA,42.7,14.31,4.38,0.37
BOROLTD,36.17,10.31,3.65,8.26
BORORENEW,27.94,19.62,13.62,4.5
BOROSCI,52.06,11.24,1.02,4.67
BOSCH-HCIL,64.79,4.53,1.32,5.23
BOSCHLTD,48.65,20.44,13.58,8.08
BPCL,56.21,34.57,13.32,2.46
BPL,19.33,7.4,7.05,1.86
BRIGADE,39.2,18.16,17.95,5.81
BRIGHOTEL,47.38,11.47,9.51,9.71
BRITANNIA,52.15,29.46,14.45,6.2
BRNL,53.59,11.95,2.64,6.3
BROOKS,50.7,6.17,8.34,0.02
BSE,57.64,21.71,20.82,0.32
BSHSL,53.48,14.67,5.2,8.18
BSL,48.2,7.19,4.16,2.82
BSOFT,26.22,10.95,5.1,3.92
BTML,47.43,3.91,7.92,6.26
BTTL,55.68,2.58,7.12,0.07
BUILDPRO,47.53,8.39,6.93,2.85
BUTTERFLY,64.23,3.92,3.89,5.06
BVCL,45.77,5.52,1.01,5.93
BYKE,56.73,3.52,7.48,8.65
CALSOFT,21.15,11.6,4.67,8.6
CAMLINFINE,41.49,12.78,8.89,9.61
CAMPUS,48.6,19.11,17.01,0.12
CAMS,23.16,40.28,25.52,7.8
CANBK,28.78,36.57,25.79,5.76
CANFINHOME,34.46,10.18,10.38,7.1
CANHLIFE,47.21,13.97,9.53,1.66
CANTABIL,51.81,5.98,2.03,1.5
CAPACITE,57.1,10.05,7.47,2.07
CAPILLARY,30.66,4.44,6.84,0.21
CAPITALSFB,21.68,14.42,8.28,4.41
CAPLIPOINT,62.08,18.16,12.54,5.54
CAPTRUST,35.45,2.91,7.59,3.99
CARBORUNIV,53.66,13.1,15.67,7.0
CARERATING,46.18,9.35,4.07,6.56
CARRARO,45.07,12.21,8.18,5.59
CARTRADE,37.39,10.63,19.88,7.15
CARYSIL,37.17,13.26,3.57,5.38
CASTROLIND,57.66,21.92,15.57,6.41
CCAVENUE,33.54,7.95,7.64,8.57
CCCL,61.52,7.74,6.06,0.76
CCHHL,39.55,13.23,2.05,6.21
CCL,47.14,23.2,11.14,7.13
CDSL,48.44,41.35,10.11,7.43
CEATLTD,40.43,24.81,13.1,9.49
CEIGALL,40.69,13.18,12.86,7.32
CEINSYS,56.45,13.8,2.09,3.11
CELEBRITY,56.9,9.5,3.84,6.31
CELLO,51.91,15.15,14.37,7.59
CEMPRO,63.34,21.65,12.82,9.46
CENTENKA,41.21,12.59,6.16,6.59
CENTEXT,44.68,9.19,2.04,5.45
CENTRALBK,12.32,22.69,20.87,0.81
CENTRUM,63.47,13.19,8.27,2.08
CENTUM,24.29,7.95,7.84,8.79
CENTURYPLY,40.72,10.92,15.33,6.15
CERA,61.27,12.85,7.19,0.59
CEREBRAINT,62.84,9.78,1.21,4.51
CESC,18.79,31.97,12.61,3.46
CEWATER,30.4,3.8,9.34,7.72
CGCL,36.66,15.1,9.35,3.05
CGPOWER,44.35,26.65,23.22,4.86
CHALET,54.34,14.3,13.07,6.23
CHAMBLFERT,63.26,19.82,11.23,1.6
CHEMBOND,41.35,8.86,2.97,4.96
CHEMBONDCH,41.46,11.25,7.61,9.27
CHEMCON,51.09,3.46,5.87,7.67
CHEMFAB,60.94,4.3,4.02,1.07
CHEMPLASTS,39.2,6.44,5.75,1.66
CHENNPETRO,55.43,22.97,17.93,3.29
CHEVIOT,42.14,2.69,7.43,4.22
CHOICEIN,64.45,14.91,7.7,0.11
CHOLAFIN,40.39,25.74,22.34,7.44
CHOLAHLDNG,40.77,21.94,23.57,2.4
CIEINDIA,64.69,14.95,18.8,5.69
CIFL,49.79,9.92,7.29,1.54
CIGNITITEC,12.38,13.2,9.15,1.03
CINELINE,64.58,11.99,9.59,9.11
CINEVISTA,46.61,3.99,8.36,5.03
CIPLA,39.65,26.75,19.97,4.2
CLCIND,44.08,14.62,9.64,6.51
CLEAN,59.87,20.49,10.07,3.71
CLEANMAX,26.93,11.75,6.06,0.2
CLEDUCATE,39.98,5.74,5.97,3.48
CLSEL,39.98,10.18,9.54,8.63
CMICABLES,63.44,2.11,8.74,1.89
CMPDI,43.22,6.53,8.51,9.45
CMSINFO,60.73,5.95,5.18,4.47
CNL,33.13,14.09,4.09,6.77
COALINDIA,51.99,42.74,28.06,7.47
COASTCORP,54.21,5.23,5.11,1.89
COCHINSHIP,52.76,24.01,16.1,7.36
COCKERILL,62.94,6.42,6.28,6.47
COFFEEDAY,44.64,10.74,1.86,6.09
COFORGE,26.25,27.91,20.82,3.1
COHANCE,40.51,11.17,6.67,8.25
COLPAL,38.66,29.54,22.41,3.35
COMFINTE,60.99,3.28,6.26,1.41
COMPINFO,34.15,8.38,8.96,4.95
COMPUSOFT,52.48,7.26,2.75,3.74
COMSYN,46.7,7.24,8.56,6.95
CONCOR,43.31,37.0,13.36,4.81
CONCORDBIO,46.75,23.21,18.3,8.2
CONFIPET,51.66,6.84,3.36,2.62
CONSOFINVT,43.14,5.07,2.67,7.12
CONTROLPR,43.23,2.87,8.29,1.03
CORALFINAC,58.03,13.97,7.4,9.28
CORDSCABLE,48.72,8.2,8.86,9.44
COROMANDEL,49.15,24.52,11.09,2.17
CORONA,49.25,5.66,6.19,5.08
COSMOFIRST,55.52,9.91,2.34,2.06
COUNCODOS,51.39,2.87,1.01,2.71
CPCAP,44.13,14.67,8.24,9.91
CPEDU,44.59,9.69,2.79,2.34
CPPLUS,51.59,42.14,24.87,4.01
CRAFTSMAN,58.51,22.44,18.22,8.37
CRAMC,55.67,12.84,4.16,6.85
CREATIVEYE,64.16,14.7,3.68,5.21
CREDITACC,48.89,38.78,23.42,3.92
CREST,37.85,7.47,4.83,2.84
CRISIL,64.7,44.25,26.72,8.95
CRIZAC,51.44,9.01,7.99,9.22
CROMPTON,62.9,15.8,5.3,5.33
CROWN,52.61,3.8,2.53,1.52
CSBBANK,33.26,23.49,8.99,2.24
CSLFINANCE,63.04,4.47,1.35,6.12
CTE,21.59,10.43,1.65,0.9
CUB,25.57,24.6,8.8,9.17
CUBEXTUB,35.73,12.97,8.31,1.89
CUMMINSIND,37.98,21.54,12.9,1.35
CUPID,40.06,20.91,15.96,2.19
CURAA,24.58,10.11,6.12,7.66
CYBERMEDIA,40.61,4.85,8.63,7.07
CYBERTECH,19.14,12.59,3.12,9.77
CYIENT,39.95,15.53,16.52,6.05
CYIENTDLM,24.06,10.36,5.94,5.98
DABUR,52.66,42.38,19.64,4.3
DAICHI,57.77,9.72,7.29,4.65
DALBHARAT,53.29,23.79,15.03,7.16
DALMIASUG,57.73,2.77,3.31,4.64
DAMCAPITAL,60.36,5.84,2.79,4.11
DAMODARIND,64.36,9.35,7.27,7.9
DANGEE,47.06,4.94,3.23,0.63
DATAMATICS,31.45,10.42,7.22,2.27
DATAPATTNS,60.69,25.2,20.69,0.33
DAVANGERE,38.57,11.25,8.28,3.87
DBCORP,40.84,2.72,2.12,4.36
DBEIL,43.1,3.58,5.4,0.98
DBL,61.25,19.16,14.2,4.55
DBOL,56.95,8.71,4.37,2.61
DBREALTY,64.45,21.62,11.7,6.81
DBSTOCKBRO,43.19,12.66,1.45,2.33
DCAL,50.77,6.75,4.57,7.8
DCBBANK,31.81,20.37,11.3,4.57
DCI,26.57,9.73,7.97,3.09
DCM,52.01,10.72,7.38,0.95
DCMFINSERV,54.82,2.48,8.71,2.2
DCMNVL,42.01,14.94,4.33,4.42
DCMSHRIRAM,55.52,19.34,15.96,0.6
DCMSIL,58.51,3.05,9.7,8.92
DCMSRIND,60.3,4.31,3.24,2.44
DCW,51.03,3.31,6.65,2.95
DCXINDIA,70.19,10.02,5.93,5.26
DDEVPLSTIK,61.12,11.64,8.21,6.17
DECCANCE,46.87,8.68,3.85,7.4
DECNGOLD,44.83,13.11,3.62,2.63
DEEDEV,52.91,7.67,7.19,8.97
DEEPAKFERT,55.04,15.46,9.76,5.1
DEEPAKNTR,51.12,29.3,20.22,8.77
DEEPINDS,66.18,10.17,7.08,0.52
DELHIVERY,53.55,22.77,27.81,4.23
DELPHIFX,44.8,4.12,2.19,1.69
DELTACORP,38.67,5.81,7.45,3.21
DELTAMAGNT,63.19,5.04,2.8,2.6
DEN,47.38,11.53,6.84,8.95
DENORA,35.59,8.0,7.33,1.41
DENTA,64.08,13.99,7.14,3.89
DEVIT,10.61,11.19,2.51,7.96
DEVX,51.24,14.27,6.43,0.15
DEVYANI,55.59,12.97,14.28,5.73
DGCONTENT,51.64,13.5,7.67,2.61
DHAMPURSUG,59.86,4.35,3.82,1.2
DHANBANK,27.34,3.32,5.3,6.91
DHANUKA,60.75,5.25,3.06,5.34
DHARAN,51.63,10.31,2.52,9.1
DHARMAJ,63.93,6.45,3.14,4.23
DHRUV,42.19,4.79,7.49,8.77
DHUNINV,36.84,2.39,2.42,0.96
DIACABS,55.68,11.25,15.99,5.07
DIAMINESQ,37.21,10.53,6.46,4.48
DIAMONDYD,45.68,4.67,2.86,5.79
DICIND,48.45,7.43,8.56,9.58
DIFFNKG,46.23,13.19,4.75,2.61
DIGIDRIVE,40.27,14.21,3.71,0.89
DIGISPICE,45.91,5.79,7.53,3.05
DIGITIDE,35.45,9.84,9.47,7.03
DIGJAMLMTD,53.31,13.97,2.36,5.65
DIL,43.25,10.7,1.54,8.96
DISAQ,62.76,9.35,2.03,7.75
DISHTV,50.23,5.98,8.98,0.04
DIVGIITTS,43.73,7.5,7.91,9.29
DIVISLAB,46.58,35.49,14.12,2.81
DIXON,17.4,40.08,20.75,5.41
DJML,39.79,6.54,9.61,7.0
DLF,48.43,23.2,24.69,8.66
DLINKINDIA,10.75,2.74,2.37,9.44
DMART,43.17,25.95,18.72,2.49
DMCC,44.18,13.43,1.5,0.17
DNAMEDIA,64.43,3.8,8.43,7.36
DODLA,53.73,16.21,18.88,1.05
DOLATALGO,54.66,7.15,4.09,0.97
DOLLAR,64.14,14.23,7.79,1.82
DOLPHIN,62.78,10.15,9.01,1.41
DOMS,59.05,12.26,8.12,4.67
DONEAR,40.36,7.16,2.03,7.37
DPABHUSHAN,35.44,3.48,8.94,9.97
DPSCLTD,13.35,4.4,1.14,7.7
DPWIRES,61.44,12.04,9.18,2.23
DRAGARWQ,47.11,3.88,7.62,2.4
DRCSYSTEMS,17.36,13.04,3.99,8.74
DREAMFOLKS,63.39,8.94,9.53,4.83
DREDGECORP,36.91,13.69,1.45,0.96
DRREDDY,61.27,32.52,19.36,1.4
DSFCL,49.64,6.34,8.6,0.93
DSSL,31.36,10.53,2.62,8.63
DTIL,35.73,6.98,1.08,3.19
DUCON,61.69,4.49,6.73,6.88
DVL,50.09,9.52,8.34,6.0
DWARKESH,51.86,12.11,7.02,5.99
DYCL,41.28,9.99,3.46,5.88
DYNAMATECH,53.33,19.73,9.58,3.27
DYNPRO,38.42,9.95,8.55,1.1
E2E,31.53,11.32,13.0,1.2
EASEMYTRIP,47.76,11.97,9.2,7.35
EASTSILK,38.32,5.72,8.93,3.72
EBGNG,17.95,4.53,3.1,3.4
ECLERX,20.37,21.45,8.56,6.5
ECOSMOBLTY,60.3,6.48,5.86,2.02
EDELWEISS,41.05,13.63,13.69,7.14
EDUCOMP,48.3,11.5,1.68,6.95
EFCIL,47.55,5.49,7.4,2.64
EICHERMOT,59.01,44.18,15.65,4.91
EIDPARRY,63.78,17.73,10.89,5.68
EIEL,37.79,4.24,7.55,6.08
EIFFL,35.94,11.19,8.32,8.58
EIHAHOTELS,48.54,12.57,1.9,0.02
EIHOTEL,43.52,24.56,14.94,9.18
EIMCOELECO,55.19,7.98,3.0,9.95
EKC,47.31,3.59,8.59,0.83
ELANTAS,62.37,5.77,1.69,6.35
ELCIDIN,42.08,2.92,6.62,0.01
ELDEHSG,53.26,11.52,2.22,7.72
ELECON,44.23,17.02,16.41,5.37
ELECTCAST,54.2,12.49,6.14,3.34
ELECTHERM,58.3,2.58,3.67,5.73
ELGIEQUIP,57.99,13.71,9.17,5.79
ELGIRUBCO,55.59,2.17,9.7,2.2
ELIN,51.93,13.18,9.78,8.07
ELITECON,54.5,4.55,6.54,6.94
ELLEN,41.47,9.41,8.39,6.62
ELPROINTL,42.11,2.19,4.73,1.09
EMAMILTD,61.53,22.13,15.77,3.78
EMAMIPAP,43.33,5.68,3.58,6.4
EMAMIREAL,43.5,4.86,2.9,4.86
EMBDL,59.58,20.7,18.77,2.08
EMCURE,60.65,40.64,16.27,8.29
EMIL,35.89,10.85,4.31,9.27
EMKAY,37.5,9.67,5.32,7.84
EMMBI,47.25,8.27,7.16,7.38
EMMVEE,28.59,20.28,5.68,8.8
EMPOWER,35.26,10.75,3.55,5.02
EMSLIMITED,62.85,10.56,6.66,7.44
EMUDHRA,34.66,8.92,1.88,0.46
ENDURANCE,55.97,36.74,23.22,4.69
ENERGYDEV,21.91,9.34,6.95,6.99
ENGINERSIN,58.81,14.36,18.23,3.58
ENIL,47.16,7.32,2.67,7.62
ENRIN,14.31,23.6,19.55,5.13
ENTERO,46.58,16.54,16.53,9.75
EPACK,63.7,9.06,4.65,2.22
EPACKPEB,49.93,6.78,4.71,4.87
EPIGRAL,54.45,16.09,17.64,0.92
EPL,41.31,14.59,13.83,8.73
EQUIPPP,26.15,11.94,4.43,5.97
EQUITASBNK,13.65,17.69,11.33,0.42
ERIS,45.29,22.25,7.5,0.2
ESABINDIA,42.35,10.3,6.77,5.4
ESAFSFB,15.88,6.09,9.56,2.78
ESCORTS,37.17,35.1,15.78,4.3
ESSARSHPNG,38.76,9.08,2.1,5.37
ESSENTIA,53.77,10.94,3.58,0.89
ESTER,58.76,15.0,2.99,1.34
ETERNAL,47.58,21.35,27.88,9.49
ETHOSLTD,36.69,24.36,17.25,0.34
EUREKAFORB,37.56,18.94,14.34,5.32
EUROBOND,61.33,7.82,8.14,6.35
EUROPRATIK,37.02,14.9,3.36,4.97
EUROTEXIND,55.49,3.43,2.24,1.16
EVEREADY,47.54,4.41,8.6,2.79
EVERESTIND,43.33,6.64,5.99,0.74
EXCELINDUS,38.84,10.54,6.55,0.81
EXCELSOFT,11.81,12.66,1.94,3.34
EXICOM,51.22,7.08,3.86,8.64
EXIDEIND,38.95,44.17,29.85,3.2
EXPLEOSOL,31.43,8.68,1.7,7.08
EXXARO,56.79,8.36,2.59,8.52
FABTECH,62.37,10.86,5.29,3.23
FACT,52.9,34.68,29.66,9.2
FAIRCHEMOR,45.71,3.13,3.64,6.69
FAZE3Q,51.71,5.25,2.51,6.23
FCL,53.34,10.95,1.06,9.63
FCONSUMER,55.24,9.17,8.9,5.46
FCSSOFT,18.1,5.05,7.45,5.84
FDC,59.32,24.48,16.22,3.23
FEDDERSHOL,48.61,5.33,6.83,5.45
FEDERALBNK,10.42,40.56,18.97,8.23
FEDFINA,52.76,17.99,12.11,0.39
FEL,45.5,11.35,7.48,8.4
FELDVR,58.57,6.72,2.26,5.75
FERMENTA,35.29,10.88,1.09,9.0
FIBERWEB,44.51,7.2,7.52,2.27
FIEMIND,40.45,19.43,10.02,7.91
FILATEX,38.47,11.83,1.45,4.82
FILATFASH,59.4,12.55,4.28,6.31
FINCABLES,61.49,15.84,10.98,3.8
FINEORG,47.05,16.8,11.17,8.88
FINKURVE,41.28,6.69,6.71,5.21
FINOPB,26.26,6.02,4.04,5.42
FINPIPE,39.0,13.61,14.19,7.34
FIRSTCRY,62.66,19.48,9.06,2.87
FISCHER,36.23,2.57,5.17,9.96
FIVESTAR,49.04,14.03,9.16,8.95
FLAIR,47.48,3.39,2.42,9.11
FLEXITUFF,40.21,5.5,1.36,0.42
FLFL,35.93,10.16,2.16,3.64
FLUOROCHEM,54.35,26.47,28.68,2.55
FMGOETZE,55.41,9.87,5.47,4.33
FMNL,50.27,2.62,5.6,0.24
FOCUS,48.28,3.22,4.91,2.09
FOODSIN,45.18,14.11,8.16,2.06
FORCEMOT,37.4,29.18,23.6,3.92
FORTIS,56.27,24.42,13.6,0.79
FOSECOIND,50.01,14.54,3.54,7.79
FRACTAL,33.2,10.91,13.76,2.03
FRONTSP,48.19,5.06,1.37,2.21
FSL,31.09,16.64,17.22,1.12
FUSION,56.7,11.04,8.58,2.09
GABRIEL,52.67,15.92,10.49,4.69
GAEL,42.63,19.9,12.56,9.53
GAIL,18.02,38.11,29.73,3.06
GALAPREC,39.96,5.43,8.28,7.08
GALAXYSURF,63.2,21.85,10.74,1.26
GALLANTT,63.56,37.88,15.24,6.02
GANDHAR,51.37,6.66,6.3,8.53
GANDHITUBE,45.79,6.94,9.09,4.93
GANECOS,52.68,14.56,3.89,9.32
GANESHBE,63.9,12.21,8.49,0.93
GANESHCP,41.54,2.84,9.16,2.7
GANESHHOU,39.2,16.61,18.22,4.94
GANGAFORGE,41.88,4.82,4.19,0.53
GANGESSECU,49.45,2.06,5.26,0.34
GARFIBRES,58.73,20.27,19.13,2.13
GARUDA,48.73,14.28,1.99,6.62
GATECH,38.03,6.12,7.47,6.19
GATECHDVR,50.2,11.07,9.25,1.73
GATEWAY,55.28,7.5,6.84,1.5
GAUDIUMIVF,49.54,6.31,2.69,9.83
GAYAHWS,44.46,6.14,7.57,9.2
GAYAPROJ,44.77,11.59,6.88,5.8
GCSL,55.88,5.85,1.27,1.66
GEECEE,60.52,9.25,4.43,1.43
GEEKAYWIRE,47.6,3.89,3.6,7.72
GEMAROMA,44.65,13.41,4.48,5.79
GENCON,59.71,9.46,2.61,7.2
GENESYS,28.47,12.24,4.17,2.51
GENSOL,15.99,11.11,8.93,2.26
GENUSPAPER,36.56,7.36,5.21,2.07
GENUSPOWER,57.57,23.48,8.98,9.71
GEOJITFSL,35.84,2.45,4.38,5.86
GESHIP,46.04,24.71,23.1,4.88
GFLLIMITED,54.82,10.65,4.16,0.72
GFSTEELS,61.13,6.37,9.29,8.65
GHCL,46.68,7.6,1.76,2.22
GHCLTEXTIL,39.2,9.56,2.29,8.08
GICHSGFIN,24.78,5.52,4.79,7.37
GICL,44.96,9.51,5.95,3.78
GICRE,49.12,33.75,21.35,0.07
GILLANDERS,61.17,14.59,6.22,2.32
GILLETTE,49.3,20.3,24.1,2.28
GINNIFILA,42.59,2.31,7.63,9.66
GIPCL,18.56,8.74,2.87,7.3
GKENERGY,21.29,13.32,1.33,8.9
GKSL,52.12,12.26,6.21,3.59
GKWLIMITED,36.17,7.17,3.51,5.47
GLAND,61.3,32.53,22.15,5.54
GLAXO,42.28,25.26,22.28,5.9
GLENMARK,41.83,30.81,29.69,8.64
GLFL,37.84,14.58,7.84,9.75
GLOBAL,48.4,7.62,1.64,7.17
GLOBALE,41.84,14.67,6.26,1.09
GLOBALVECT,52.12,8.56,4.34,0.7
GLOBE,50.01,14.62,1.36,3.25
GLOBECIVIL,53.52,14.16,5.1,7.52
GLOBUSSPR,45.98,7.74,6.21,9.94
GLOSTERLTD,35.98,10.27,6.97,1.63
GLOTTIS,56.78,3.5,1.47,7.05
GMBREW,54.81,7.26,8.76,5.44
GMDCLTD,57.43,41.41,27.57,4.83
GMMPFAUDLR,47.87,5.16,4.29,4.05
GMRAIRPORT,56.67,39.08,16.21,3.54
GMRP&UI,50.08,11.22,6.22,3.32
GNA,51.73,6.87,9.72,7.92
GNFC,64.72,19.93,15.04,3.02
GNRL,60.69,13.21,1.79,6.88
GOACARBON,57.84,8.69,4.54,9.04
GOCLCORP,37.97,14.52,6.27,5.2
GOCOLORS,63.32,7.89,5.75,1.69
GODAVARIB,64.81,3.64,7.83,4.94
GODFRYPHLP,46.85,25.43,20.61,6.04
GODIGIT,45.49,27.81,18.76,0.64
GODREJAGRO,54.73,21.89,6.12,2.74
GODREJCP,36.8,32.58,29.68,5.19
GODREJIND,57.46,29.28,18.57,5.43
GODREJPROP,51.44,43.13,16.6,9.65
GOKEX,43.96,11.47,13.87,7.68
GOKUL,51.06,11.69,4.14,6.29
GOKULAGRO,43.05,14.5,5.98,6.52
GOLDENTOBC,48.44,3.57,2.3,6.79
GOLDIAM,63.71,4.07,2.63,1.73
GOLDTECH,34.45,5.82,1.78,5.89
GOODLUCK,53.51,4.42,7.74,5.54
GOODYEAR,47.74,13.76,6.61,6.54
GOPAL,49.97,2.56,7.93,8.45
GOYALALUM,48.69,10.57,9.57,7.31
GPIL,39.53,18.86,9.68,6.73
GPPL,55.66,14.47,6.11,0.19
GPTHEALTH,59.52,7.64,4.0,7.39
GPTINFRA,41.71,10.07,3.66,8.47
GRADIENTE,43.7,4.52,6.86,4.54
GRANDOAK,50.06,2.94,2.14,1.64
GRANULES,42.57,13.34,15.42,8.01
GRAPHITE,55.15,16.73,11.74,9.43
GRASIM,40.0,28.41,27.35,8.88
GRAUWEIL,41.24,5.09,1.51,5.27
GRAVISSHO,41.54,8.97,9.11,6.99
GRAVITA,53.19,12.31,6.44,8.91
GREAVESCOT,47.92,8.85,6.98,8.57
GREENLAM,36.31,23.61,17.46,4.71
GREENPANEL,51.99,4.89,2.31,8.82
GREENPLY,42.87,3.91,4.47,0.26
GREENPOWER,18.61,3.15,7.66,3.64
GRINDWELL,46.85,16.35,8.65,9.25
GRINFRA,47.18,12.77,15.39,3.87
GRMOVER,52.55,4.19,9.82,8.32
GROBTEA,36.48,5.72,8.81,5.22
GROWW,44.14,26.56,18.99,0.99
GRPLTD,43.22,6.47,8.14,2.28
GRSE,53.51,25.43,22.49,6.36
GRWRHITECH,48.33,15.43,8.02,3.64
GSFC,54.82,20.75,17.82,3.56
GSLSU,61.8,12.3,9.39,4.78
GSPCROP,41.77,13.55,2.89,9.3
GSPL,27.47,23.1,19.99,7.49
GSS,29.51,13.45,5.35,3.91
GTECJAINX,44.74,12.56,2.8,8.37
GTL,50.18,5.15,7.32,6.04
GTLINFRA,26.12,5.97,5.84,2.77
GTPL,54.9,2.0,5.46,2.95
GUFICBIO,39.7,13.08,6.87,4.89
GUJALKALI,39.12,17.2,13.71,9.42
GUJAPOLLO,37.67,5.37,6.18,1.12
GUJGASLTD,25.02,29.06,22.64,3.89
GUJRAFFIA,57.7,11.58,6.23,1.25
GUJTHEM,51.57,4.1,3.66,1.4
GULFOILLUB,44.44,2.73,6.29,4.26
GULFPETRO,69.49,2.2,6.08,2.98
GULPOLY,43.73,2.82,9.44,3.11
GVKPIL,19.12,5.41,5.43,7.18
GVPIL,39.2,4.23,9.01,0.27
GVPTECH,33.95,11.83,4.54,1.27
GVT&D,64.22,34.55,29.24,2.26
HAL,53.97,44.61,21.31,1.5
HALDER,49.98,7.01,8.99,7.0
HALDYNGL,46.68,10.35,3.64,8.7
HALEOSLABS,35.14,11.25,7.09,2.75
HAPPSTMNDS,29.42,20.31,14.65,7.33
HAPPYFORGE,51.21,20.78,17.6,4.21
HARDWYN,63.88,10.1,7.66,6.84
HARIOMPIPE,42.26,9.04,4.64,5.18
HARRMALAYA,45.5,13.7,9.47,1.72
HARSHA,50.52,10.22,4.99,5.61
HATHWAY,36.03,10.73,6.38,5.53
HATSUN,48.93,39.37,10.03,4.75
HAVELLS,39.58,25.78,16.11,5.04
HAVISHA,46.32,9.19,4.23,7.09
HAWKINCOOK,39.38,11.13,3.87,2.08
HBESD,45.1,9.47,6.8,3.44
HBLENGINE,55.75,22.32,16.4,4.6
HBSL,63.69,9.06,4.53,8.92
HCC,41.65,13.27,6.8,6.26
HCG,40.68,15.44,8.95,5.39
HCL-INSYS,31.11,14.88,8.1,3.67
HCLTECH,27.11,31.18,21.65,6.6
HDBFS,56.03,23.03,11.9,9.46
HDFCAMC,58.0,26.72,20.45,9.59
HDFCBANK,30.77,43.93,13.16,4.1
HDFCLIFE,63.27,32.61,18.46,4.71
HDIL,46.23,13.27,3.83,9.32
HEADSUP,54.48,13.93,8.85,7.79
HEALTHX,59.02,8.99,6.74,5.88
HECPROJECT,44.07,4.18,7.79,5.38
HEG,45.46,17.92,13.21,8.6
HEIDELBERG,38.13,5.69,8.41,2.82
HEMIPROP,51.85,12.76,7.29,5.48
HERANBA,56.36,2.52,2.01,2.06
HERITGFOOD,45.31,4.31,6.0,3.03
HEROMOTOCO,40.13,28.85,11.27,0.32
HESTERBIO,46.57,4.56,6.65,0.33
HEXATRADEX,56.84,11.27,9.61,0.77
HEXT,15.34,24.53,29.66,4.13
HFCL,22.8,44.62,15.25,6.36
HGINFRA,62.37,10.21,5.07,7.05
HGM,11.0,4.4,4.69,3.69
HGS,49.48,14.35,2.31,7.77
HIKAL,40.84,8.87,8.66,6.18
HILINFRA,42.27,10.23,8.72,0.4
HILTON,54.31,3.33,1.93,9.19
HIMATSEIDE,43.57,14.99,6.45,6.43
HINDALCO,53.08,35.49,14.36,2.83
HINDCOMPOS,50.65,13.77,4.44,8.11
HINDCON,45.33,11.7,5.27,3.94
HINDCOPPER,61.95,21.47,10.04,7.28
HINDOILEXP,69.58,4.62,1.7,7.35
HINDPETRO,59.66,35.1,19.51,8.61
HINDUNILVR,43.72,35.88,20.62,3.7
HINDWAREAP,50.05,12.42,5.51,6.44
HINDZINC,41.39,32.05,20.93,7.16
HIRECT,59.06,12.39,2.21,6.63
HISARMETAL,43.87,5.67,4.73,7.5
HITECH,57.11,4.56,6.06,5.82
HITECHCORP,64.53,9.92,3.59,5.64
HITECHGEAR,37.35,14.83,7.22,0.13
HLEGLAS,39.99,4.33,5.75,5.21
HLVLTD,53.66,11.27,2.51,3.03
HMAAGRO,64.35,9.99,7.38,1.58
HMT,35.04,16.32,12.84,4.78
HMVL,60.33,13.7,5.72,1.44
HNDFDS,42.87,24.62,15.11,7.76
HOMEFIRST,23.58,17.26,12.65,8.79
HONASA,52.7,20.9,9.23,1.78
HONAUT,56.71,44.31,27.9,3.18
HONDAPOWER,61.51,4.84,5.2,7.96
HPAL,37.87,11.12,8.28,0.21
HPIL,49.0,4.85,1.81,0.82
HPL,50.35,12.43,6.05,2.78
HSCL,43.35,28.95,17.9,2.68
HTMEDIA,54.73,12.98,6.04,5.4
HUBTOWN,52.51,2.81,2.38,6.99
HUDCO,60.95,36.2,29.35,3.73
HUHTAMAKI,63.95,10.0,3.72,2.59
HYBRIDFIN,53.33,11.53,6.09,1.14
HYUNDAI,48.65,32.73,28.05,5.68
IBULLSLTD,38.53,2.31,5.02,6.37
ICDSLTD,35.22,11.96,8.53,5.27
ICEMAKE,47.58,4.33,2.22,5.08
ICICIAMC,40.82,34.36,11.95,4.41
ICICIBANK,21.57,26.51,21.56,5.39
ICICIGI,37.07,27.89,10.02,1.56
ICICIPRULI,61.47,23.74,14.73,5.44
ICIL,64.11,11.4,7.71,0.76
ICRA,49.14,24.65,14.94,1.78
IDBI,22.62,39.12,28.01,3.4
IDEA,61.88,30.05,28.03,4.58
IDEAFORGE,12.9,8.57,4.02,4.32
IDFCFIRSTB,28.13,24.88,21.14,1.98
IEX,39.93,17.11,12.2,6.14
IFBAGRO,52.82,3.71,1.21,9.29
IFBIND,36.86,9.92,8.0,8.28
IFCI,55.21,18.39,11.6,9.53
IFGLEXPOR,37.91,5.47,4.74,1.06
IGARASHI,40.63,12.39,1.9,2.13
IGCL,54.29,14.69,2.58,8.88
IGIL,59.52,14.22,7.14,7.9
IGL,10.66,44.86,19.89,9.01
IGPL,61.56,5.6,7.41,8.41
IIFL,49.95,10.07,17.57,5.05
IIFLCAPS,53.72,22.2,7.37,9.3
IITL,45.68,14.41,2.1,1.01
IKIO,24.52,2.54,7.69,3.93
IKS,56.79,31.12,23.56,1.25
IL&FSENGG,50.72,4.56,6.61,0.78
IL&FSTRANS,63.98,4.94,5.95,8.48
IMAGICAA,50.54,14.47,9.28,9.11
IMFA,41.94,11.36,18.0,5.64
IMPAL,55.72,8.85,9.13,6.83
IMPEXFERRO,61.81,7.43,2.36,4.8
INA,29.9,11.6,6.42,0.13
INCREDIBLE,59.29,11.29,9.31,4.63
INDBANK,64.59,4.4,9.33,7.9
INDGN,51.63,20.12,19.74,5.1
INDHOTEL,57.39,38.43,27.97,0.91
INDIACEM,59.75,11.71,12.28,4.15
INDIAGLYCO,37.26,23.96,6.17,9.48
INDIAMART,45.77,12.77,18.89,9.61
INDIANB,21.51,27.24,13.98,9.02
INDIANCARD,48.25,5.93,8.63,3.55
INDIANHUME,55.55,7.72,1.36,1.44
INDIASHLTR,26.41,12.55,7.82,3.71
INDIGO,61.89,20.03,20.07,8.43
INDIGOPNTS,55.52,13.47,4.99,8.12
INDIQUBE,46.91,9.13,2.8,7.24
INDNIPPON,45.27,13.58,8.9,9.63
INDOAMIN,45.59,11.02,2.96,4.86
INDOBORAX,45.52,5.93,2.84,2.06
INDOCO,48.39,7.36,4.85,2.29
INDOFARM,48.42,6.03,2.91,7.72
INDORAMA,57.4,9.79,9.6,4.29
INDOSTAR,53.48,12.68,6.94,8.15
INDOTECH,60.06,9.61,1.22,8.77
INDOTHAI,59.79,9.89,7.51,4.25
INDOUS,43.28,6.56,4.3,2.66
INDOWIND,19.98,14.64,3.32,8.19
INDPRUD,44.34,13.88,4.1,5.99
INDRAMEDCO,60.3,7.29,4.25,4.75
INDSWFTLAB,55.77,5.94,3.44,5.09
INDTERRAIN,52.52,14.45,9.34,0.36
INDUSINDBK,29.74,44.31,27.67,5.49
INDUSTOWER,54.66,29.99,11.32,2.17
INFOBEAN,27.51,7.77,5.36,5.12
INFOMEDIA,60.07,10.92,5.48,7.39
INFY,15.88,30.66,19.3,9.12
INGERRAND,57.76,13.65,15.74,1.18
INNOVACAP,39.48,10.1,6.29,7.47
INNOVANA,28.46,5.73,6.45,5.25
INNOVISION,47.99,7.99,4.44,9.63
INOXGREEN,26.66,21.2,19.99,8.48
INOXINDIA,36.08,16.13,15.54,4.65
INOXWIND,64.4,17.04,18.01,3.6
INSECTICID,63.43,12.58,8.74,9.34
INSPIRISYS,10.9,12.05,4.09,4.48
INTELLECT,15.25,10.12,16.81,4.96
INTENTECH,21.39,14.22,6.09,6.28
INTERARCH,53.04,7.92,7.4,4.32
INTLCONV,41.42,10.69,4.88,8.87
INVENTURE,50.96,4.57,8.59,6.81
INVPRECQ,64.99,14.9,9.41,1.69
IOB,31.78,32.86,18.01,0.31
IOC,53.26,24.73,14.37,7.05
IOLCP,48.76,7.33,9.42,9.49
IONEXCHANG,35.52,6.41,1.46,7.78
IPCALAB,63.13,41.56,16.93,7.65
IPL,59.56,6.56,2.92,1.5
IRB,47.0,23.24,28.26,1.96
IRCON,37.54,14.91,10.28,9.43
IRCTC,60.29,28.65,10.76,6.28
IREDA,53.27,20.57,29.58,2.3
IRFC,57.18,26.73,27.0,1.11
IRIS,12.23,14.58,4.43,5.79
IRISDOREME,62.32,5.87,9.64,9.94
IRMENERGY,19.98,4.57,8.53,7.49
ISFT,45.77,14.3,7.13,7.19
ISGEC,44.25,21.64,8.52,9.64
ISHANCH,38.14,4.58,7.52,3.32
ITC,41.14,38.49,11.33,2.08
ITCHOTELS,36.12,40.3,20.08,4.47
ITDC,45.65,13.27,6.04,7.55
ITI,21.54,41.46,29.12,9.49
IVALUE,29.43,10.85,7.88,4.71
IVC,42.1,6.08,3.8,9.68
IVP,54.77,11.04,5.38,0.22
IWP,50.52,5.55,7.23,8.02
IXIGO,51.12,21.59,19.47,7.65
IZMO,16.12,13.66,8.26,5.35
J&KBANK,14.82,21.89,9.26,6.65
JAGRAN,38.73,8.21,6.83,9.79
JAGSNPHARM,35.43,10.91,7.61,7.49
JAIBALAJI,61.26,17.83,16.17,9.09
JAICORPLTD,50.27,3.85,7.39,0.64
JAINREC,44.59,24.56,7.06,6.36
JAIPURKURT,55.43,2.94,7.8,9.53
JAMNAAUTO,58.2,18.99,17.58,4.98
JARO,44.57,2.75,2.1,0.6
JASH,47.43,5.8,6.75,8.81
JAYAGROGN,64.05,2.91,8.94,7.96
JAYBARMARU,47.4,10.9,5.37,6.43
JAYKAY,59.43,14.18,9.45,3.77
JAYNECOIND,57.74,24.57,8.06,3.03
JAYSREETEA,57.5,13.36,4.86,3.96
JBCHEPHARM,53.01,27.79,12.59,5.18
JBMA,48.13,18.26,10.7,3.92
JETFREIGHT,64.28,11.42,4.84,4.28
JGCHEM,50.22,14.1,8.99,1.56
JHS,42.85,6.38,7.69,5.91
JINDALPHOT,62.02,8.13,7.03,5.15
JINDALPOLY,47.77,5.94,3.62,3.67
JINDALSAW,49.26,22.87,7.75,1.4
JINDALSTEL,54.48,27.82,21.97,4.23
JINDRILL,57.71,9.1,7.11,7.08
JINDWORLD,56.27,5.63,3.56,0.37
JIOFIN,39.44,44.01,22.82,4.25
JISLDVREQS,55.1,14.03,4.88,4.12
JISLJALEQS,45.36,2.31,6.2,4.31
JITFINFRA,51.65,5.07,2.82,4.19
JKCEMENT,45.27,31.61,18.11,6.15
JKIL,59.62,6.21,2.82,5.85
JKIPL,37.67,14.12,7.64,5.62
JKLAKSHMI,51.89,16.26,15.19,4.15
JKPAPER,63.91,14.31,8.65,1.88
JKTYRE,42.36,17.15,14.25,8.91
JLHL,40.48,21.82,16.73,2.0
JMA,63.29,4.95,3.45,2.34
JMFINANCIL,38.68,21.05,15.84,0.53
JNKINDIA,35.28,8.42,1.89,4.12
JOCIL,54.28,10.63,4.94,8.66
JPOLYINVST,62.41,7.4,5.78,2.09
JPPOWER,24.6,20.81,6.29,2.4
JSFB,24.46,9.69,4.75,5.14
JSL,49.71,34.55,22.84,9.58
JSLL,60.34,19.63,5.48,8.69
JSWCEMENT,50.54,16.1,10.36,7.49
JSWDULUX,40.0,13.34,14.64,8.48
JSWENERGY,11.37,35.1,15.06,9.97
JSWHL,53.93,10.96,17.99,9.06
JSWINFRA,53.5,28.58,10.69,6.47
JSWSTEEL,59.4,36.39,12.97,9.39
JTEKTINDIA,40.36,10.6,8.63,5.44
JTLIND,55.67,10.06,1.24,6.06
JUBLCPL,35.84,10.91,9.91,1.71
JUBLFOOD,35.7,24.27,19.06,7.73
JUBLINGREA,52.26,24.16,8.82,2.33
JUBLPHARMA,63.93,17.24,6.74,4.74
JUNIPER,39.07,14.26,4.15,6.38
JUSTDIAL,49.38,3.86,4.1,7.41
JWL,36.24,22.24,6.2,1.52
JYOTHYLAB,55.59,10.22,16.61,2.69
JYOTICNC,36.58,23.43,7.75,3.05
JYOTISTRUC,64.23,5.19,9.07,3.01
KABRAEXTRU,55.11,13.52,7.7,2.85
KAJARIACER,36.78,14.93,17.11,3.1
KAKATCEM,60.27,3.37,5.28,9.58
KALAMANDIR,58.64,5.83,2.99,3.14
KALPATARU,57.46,10.5,5.3,9.71
KALYANI,41.56,12.54,5.31,8.36
KALYANIFRG,45.41,8.94,5.08,3.81
KALYANKJIL,50.11,30.22,22.91,1.57
KAMAHOLD,37.44,10.37,2.16,0.02
KAMATHOTEL,55.41,4.42,1.62,4.87
KAMDHENU,60.74,9.48,5.75,9.24
KAMOPAINTS,57.92,9.95,9.82,0.18
KANANIIND,63.67,14.74,7.57,1.96
KANCHI,60.07,11.56,5.62,7.78
KANORICHEM,57.87,8.95,1.02,8.31
KANPRPLA,39.4,3.06,6.85,0.86
KANSAINER,57.17,20.26,9.64,4.84
KAPSTON,62.15,7.74,6.49,6.87
KARMAENG,27.4,13.01,2.08,2.01
KARURVYSYA,28.94,37.66,12.95,8.46
KAUSHALYA,48.66,11.68,7.44,6.19
KAVDEFENCE,27.07,8.41,8.47,1.41
KAYA,54.85,8.39,2.13,8.54
KAYNES,32.61,30.53,15.41,3.13
KCP,45.36,14.18,1.94,4.23
KCPSUGIND,63.52,14.74,3.7,8.39
KDDL,36.09,11.98,1.82,4.65
KEC,63.03,11.81,5.25,5.23
KECL,38.23,9.87,7.44,6.39
KEEPLEARN,41.32,10.21,8.67,8.45
KEI,46.26,30.69,10.89,9.49
KELLTONTEC,25.6,5.24,2.2,3.37
KENNAMET,38.71,17.26,18.61,6.66
KERNEX,27.32,14.97,8.98,6.77
KESORAMIND,50.57,6.66,2.7,7.73
KEYFINSERV,58.45,3.4,4.24,4.98
KFINTECH,31.16,16.24,17.82,9.56
KHADIM,59.39,9.95,6.38,6.63
KHAICHEM,43.98,14.92,1.72,6.66
KHAITANLTD,41.6,6.6,8.52,4.07
KHANDSE,54.64,7.4,8.5,1.55
KICL,40.46,11.52,8.13,9.51
KILITCH,53.57,10.12,6.19,1.93
KIMS,62.62,40.9,21.25,7.31
KINGFA,40.53,13.12,6.8,7.83
KIOCL,58.73,28.46,22.76,4.34
KIRANVYPAR,37.52,12.91,3.96,2.64
KIRIINDUS,36.18,3.93,1.98,3.12
KIRLFER,42.53,23.51,6.49,1.58
KIRLOSBROS,40.37,14.93,17.31,7.57
KIRLOSENG,40.44,29.35,19.42,1.17
KIRLOSIND,40.68,11.12,8.89,8.99
KIRLPNU,58.77,12.27,11.32,4.45
KISSHT,56.09,8.82,9.2,3.62
KITEX,52.76,10.62,2.13,3.68
KKCL,38.24,11.91,5.93,6.58
KLBRENG-B,60.33,9.07,2.78,7.46
KMEW,46.21,24.37,7.7,8.28
KMSUGAR,50.81,3.68,9.8,9.76
KNAGRI,54.73,9.71,6.74,2.01
KNRCON,39.36,3.57,1.51,7.44
KOHINOOR,59.96,5.93,6.94,9.17
KOKUYOCMLN,46.04,11.2,4.11,1.69
KOLTEPATIL,49.11,4.19,4.45,8.05
KOPRAN,64.11,2.76,1.36,9.11
KOTAKBANK,32.65,22.91,29.86,8.15
KOTARISUG,39.51,7.13,4.03,0.23
KOTHARIPET,64.34,14.84,4.41,1.69
KOTHARIPRO,48.56,10.19,8.83,1.12
KOTIC,62.84,3.89,9.89,1.41
KOTYARK,62.35,5.5,4.62,5.76
KOVAI,39.78,16.65,6.06,3.09
KPEL,48.41,3.04,8.05,8.9
KPIGREEN,10.23,18.32,6.51,5.46
KPIL,40.51,27.47,19.87,1.5
KPITTECH,28.35,18.3,6.69,9.01
KPL,62.18,9.11,3.0,2.86
KPRMILL,55.02,41.6,25.18,7.25
KRBL,48.13,23.66,7.63,8.62
KREBSBIO,46.2,6.99,2.43,2.35
KRIDHANINF,50.79,7.35,4.06,5.75
KRISHANA,44.45,6.4,8.82,7.99
KRISHIVAL,50.01,2.76,4.51,8.83
KRISHNADEF,41.56,10.51,8.06,6.18
KRITI,35.31,3.56,4.44,3.8
KRITIKA,48.06,5.56,2.5,5.68
KRITINUT,37.68,9.09,7.53,5.28
KRN,11.37,13.72,17.35,7.69
KRONOX,53.64,11.33,6.79,0.79
KROSS,49.91,4.69,5.17,4.93
KRSNAA,49.56,13.13,5.51,8.91
KRYSTAL,43.82,10.65,7.43,6.86
KSB,61.64,12.39,15.87,9.55
KSCL,47.85,21.0,12.35,7.12
KSHINTL,55.3,14.18,5.08,9.15
KSHITIJPOL,40.85,2.44,2.79,5.79
KSL,45.96,2.92,4.09,0.16
KSOLVES,24.65,6.7,4.37,0.35
KSR,47.51,4.4,2.44,0.51
KTKBANK,23.35,16.62,15.9,3.31
KUANTUM,48.86,7.41,8.68,1.66
KWIL,36.34,11.14,14.67,8.46
LAGNAM,45.52,3.55,7.5,7.59
LAHOTIOV,36.54,12.04,9.5,4.59
LAKPRE,51.89,11.94,3.5,4.59
LAL,53.26,14.95,7.69,9.13
LALPATHLAB,41.79,41.64,16.79,8.99
LAMBODHARA,50.0,11.0,1.72,4.12
LANCORHOL,63.19,13.92,8.01,1.89
LANDMARK,44.37,13.97,7.75,3.21
LANDSMILL,63.86,5.84,1.89,5.22
LAOPALA,59.98,9.01,9.42,9.62
LASA,60.34,7.02,1.53,2.52
LATENTVIEW,46.98,24.76,14.84,1.82
LATTEYS,62.8,8.75,3.06,3.21
LAURUSLABS,49.65,39.94,14.66,9.16
LAXMICOT,36.21,11.29,6.89,3.38
LAXMIDENTL,51.05,8.22,7.28,4.19
LAXMIINDIA,35.28,7.34,2.85,5.31
LCCINFOTEC,63.46,2.01,6.31,0.37
LEMERITE,48.08,3.4,3.46,1.97
LEMONTREE,47.34,15.46,18.37,3.27
LENSKART,57.67,23.12,11.9,5.9
LEXUS,56.5,12.12,4.87,2.63
LFIC,61.06,3.74,4.91,1.35
LGBBROSLTD,52.24,14.5,17.4,9.07
LGEINDIA,14.71,32.86,22.41,7.65
LGHL,49.63,3.29,5.58,4.55
LIBAS,55.73,12.47,3.87,5.43
LIBERTSHOE,60.88,3.63,6.09,0.59
LICHSGFIN,33.44,42.33,11.02,0.59
LICI,50.85,26.47,18.47,3.58
LIKHITHA,60.0,11.46,8.98,1.2
LINC,57.14,9.12,4.38,3.49
LINCOLN,63.71,7.19,5.48,5.77
LINDEINDIA,36.53,24.07,20.51,9.58
LLOYDSENGG,63.28,20.2,12.82,1.29
LLOYDSENT,50.32,22.51,6.99,6.84
LLOYDSME,60.59,40.48,20.27,8.42
LMW,38.19,17.27,5.71,0.74
LODHA,35.35,42.13,18.44,4.8
LOKESHMACH,53.33,9.38,5.16,4.59
LORDSCHLO,37.22,7.06,8.39,1.49
LOTUSDEV,46.84,20.61,19.66,4.28
LOTUSEYE,49.62,13.18,2.81,6.04
LOVABLE,55.02,10.48,9.59,7.18
LOYALTEX,42.92,13.38,1.97,7.53
LPDC,43.46,7.77,4.51,1.08
LT,45.88,30.69,23.78,4.88
LTF,53.26,43.67,10.86,0.22
LTFOODS,37.45,10.78,13.17,3.14
LTM,17.0,38.65,11.27,1.58
LTTS,34.17,35.57,10.94,4.28
LUMAXIND,46.58,15.56,19.66,8.14
LUMAXTECH,38.77,12.32,10.93,9.51
LUPIN,42.72,30.98,25.21,10.0
LUXIND,38.23,14.24,5.31,9.38
LXCHEM,59.33,14.52,3.07,0.62
LYKALABS,51.47,11.0,6.69,1.41
LYPSAGEMS,64.31,13.12,6.07,1.53
M&M,35.89,32.82,26.35,1.69
M&MFIN,39.0,41.1,22.22,4.45
MAANALU,60.31,8.21,1.55,5.95
MACPOWER,59.45,3.56,2.9,5.86
MADHAV,59.88,9.86,6.71,6.14
MADHAVIPL,61.28,6.62,1.63,5.76
MADHUCON,35.75,5.01,2.15,2.8
MADRASFERT,41.0,10.95,1.22,4.27
MAFATIND,45.98,11.76,1.62,7.92
MAGADSUGAR,35.92,12.68,3.12,9.36
MAGNUM,47.37,5.76,7.03,9.64
MAHABANK,24.67,40.84,12.94,9.72
MAHAPEXLTD,54.37,3.7,4.0,1.42
MAHASTEEL,41.14,9.19,4.63,6.15
MAHEPC,37.74,4.42,6.7,8.56
MAHESHWARI,40.76,12.15,4.42,8.75
MAHLIFE,52.3,21.98,13.85,3.9
MAHLOG,55.12,6.43,9.76,7.6
MAHSCOOTER,36.85,18.02,13.1,1.22
MAHSEAMLES,63.18,24.47,11.12,3.22
MAITHANALL,64.09,11.07,7.41,7.52
MAJESAUT,49.6,7.16,9.19,9.05
MALLCOM,37.7,2.56,1.15,7.63
MALUPAPER,39.76,6.43,4.49,2.92
MAMATA,38.03,11.74,6.7,1.14
MANAKALUCO,52.22,9.75,1.75,1.75
MANAKCOAT,64.95,9.7,1.6,9.16
MANAKSIA,54.72,12.44,7.3,3.81
MANAKSTEEL,58.74,4.64,2.14,1.97
MANALIPETC,59.44,6.46,9.07,4.25
MANAPPURAM,49.12,26.77,11.98,8.63
MANBA,53.83,2.24,2.94,1.36
MANCREDIT,60.76,2.16,5.24,6.33
MANGALAM,38.88,9.78,3.66,1.23
MANGLMCEM,50.76,8.55,2.37,9.5
MANINDS,38.95,4.9,1.4,1.11
MANINFRA,58.56,20.55,11.33,3.03
MANKIND,46.95,29.82,20.1,0.91
MANOMAY,51.04,11.81,7.87,1.38
MANORAMA,63.11,15.59,13.96,0.48
MANORG,56.56,9.44,5.96,6.25
MANUGRAPH,37.24,6.12,7.39,8.39
MANYAVAR,35.81,24.17,19.96,3.14
MAPMYINDIA,13.11,13.81,6.29,8.98
MARALOVER,52.58,13.17,3.31,4.3
MARATHON,40.39,3.47,8.71,7.13
MARICO,51.76,30.42,13.98,8.81
MARINE,57.06,3.22,3.38,4.3
MARKOLINES,49.42,5.57,6.0,2.01
MARKSANS,36.02,19.01,12.1,8.75
MARSONS,48.14,12.83,2.8,7.82
MARUTI,45.53,22.84,26.84,4.16
MASFIN,43.12,11.17,10.86,1.18
MASKINVEST,39.05,11.27,3.8,8.77
MASTEK,12.66,20.43,17.62,1.91
MASTERTR,40.49,6.18,5.85,8.34
MATRIMONY,50.4,9.99,7.43,6.53
MAWANASUG,48.13,12.12,9.94,1.91
MAXESTATES,62.37,24.05,9.42,9.91
MAXHEALTH,42.97,37.17,18.38,1.17
MAXIND,55.67,3.97,2.43,4.63
MAYURUNIQ,46.1,11.64,6.16,6.38
MAZDA,41.58,5.37,2.22,4.38
MAZDOCK,64.84,43.14,29.23,2.81
MBAPL,35.16,3.25,4.16,6.05
MBEL,44.67,11.44,6.87,5.1
MBLINFRA,35.35,9.73,7.53,3.98
MCCHRLS-B,46.47,2.88,4.22,3.93
MCL,46.38,5.46,6.79,5.89
MCLEODRUSS,59.73,3.22,5.07,5.3
MCLOUD,20.24,11.19,9.8,1.99
MCX,38.44,28.89,10.61,4.21
MEDANTA,42.81,24.64,20.62,4.69
MEDIASSIST,46.78,4.11,7.18,1.83
MEDICAMEQ,45.02,8.31,9.89,6.01
MEDICO,64.96,14.09,5.94,9.17
MEDPLUS,41.57,14.41,14.54,1.56
MEESHO,53.78,41.63,23.02,2.38
MEGASTAR,43.09,3.84,7.57,4.96
MEIL,52.05,3.0,2.74,4.76
MENNPIS,54.18,13.59,3.02,7.65
MENONBE,49.92,10.94,9.43,8.16
MEP,61.32,4.5,8.12,2.68
MERCANTILE,57.73,13.13,4.19,0.05
METROBRAND,59.65,22.1,24.4,2.36
METROGLOBL,64.98,10.3,9.65,7.7
METROPOLIS,64.04,22.29,17.22,3.19
MFML,64.33,7.35,1.89,7.33
MFSL,64.62,38.08,20.13,0.18
MGEL,39.77,4.2,4.06,2.04
MGL,26.09,23.59,5.65,1.54
MHLXMIRU,40.42,2.18,3.91,2.65
MHRIL,52.68,14.04,5.41,8.41
MICEL,18.66,7.31,9.96,4.17
MIDHANI,54.24,15.45,7.28,8.39
MIDWESTLTD,37.17,3.15,2.6,8.86
MINDACORP,38.11,20.57,13.63,6.26
MINDTECK,31.97,13.01,7.8,4.26
MIRCELECTR,37.26,7.15,5.28,4.41
MIRZAINT,39.68,5.42,2.14,1.6
MITCON,48.49,5.54,2.06,1.32
MITTAL,60.23,6.42,3.63,3.97
MKPL,63.77,11.81,9.07,2.21
MMFL,63.49,7.62,1.59,5.3
MMP,50.01,11.26,5.51,3.04
MMTC,42.43,11.74,13.17,1.11
MMWL,55.48,7.51,7.61,7.61
MOBIKWIK,34.7,3.49,6.44,4.85
MODINATUR,57.97,11.24,9.42,1.88
MODIRUBBER,56.79,4.29,5.97,0.7
MODIS,61.56,2.02,7.24,0.71
MODISONLTD,58.72,4.22,7.9,3.83
MODTHREAD,62.97,14.13,2.03,0.11
MOHITIND,37.32,3.34,4.99,8.65
MOIL,40.5,17.91,11.26,2.74
MOKSH,62.89,6.26,2.23,9.99
MOL,60.58,8.3,6.24,9.43
MOLDTECH,38.8,5.63,1.37,0.11
MOLDTKPAC,59.27,9.36,5.72,9.88
MONARCH,36.4,4.43,2.45,2.0
MONEYBOXX,61.35,10.75,3.4,3.56
MONTECARLO,64.02,4.25,1.49,0.76
MORARJEE,58.34,6.06,5.84,0.24
MOREPENLAB,63.6,10.82,2.58,2.0
MOSCHIP,14.47,10.89,5.24,3.63
MOTHERSON,58.96,28.18,26.17,8.91
MOTILALOFS,63.26,28.28,10.6,9.46
MOTISONS,35.83,10.91,8.92,1.91
MOTOGENFIN,38.85,5.29,5.24,4.99
MPHASIS,18.22,42.51,19.51,4.51
MPSLTD,60.66,11.33,3.32,4.35
MRF,40.32,35.45,23.0,8.31
MRPL,63.55,31.73,16.43,1.4
MSPL,52.16,8.56,2.22,4.43
MSTCLTD,57.78,8.66,9.93,7.81
MSUMI,43.2,36.07,17.83,9.87
MTARTECH,43.56,24.31,16.43,3.14
MTEDUCARE,42.56,4.45,5.53,7.66
MTNL,42.87,6.24,5.58,3.6
MUFIN,57.99,9.71,8.4,9.92
MUFTI,44.19,7.88,1.44,5.77
MUKANDLTD,56.44,4.44,6.98,7.92
MUKKA,45.35,12.3,7.36,0.32
MUKTAARTS,46.0,14.62,9.9,0.58
MUNJALAU,60.65,3.25,5.68,4.75
MUNJALSHOW,47.38,12.43,1.45,3.07
MURUDCERA,57.81,7.72,4.74,8.4
MUTHOOTCAP,39.5,8.53,9.2,2.99
MUTHOOTFIN,43.35,43.52,26.38,2.27
MUTHOOTMF,51.29,6.76,7.99,9.8
MVGJL,62.43,11.69,1.65,1.43
MWL,41.94,11.73,6.28,1.25
NACLIND,42.7,5.57,3.18,7.67
NAGAFERT,50.75,11.86,6.24,4.12
NAGREEKCAP,46.64,9.15,4.08,6.91
NAGREEKEXP,53.38,12.84,9.8,9.85
NAHARCAP,42.54,11.59,9.03,1.81
NAHARINDUS,45.27,2.73,3.17,6.0
NAHARPOLY,64.6,10.27,4.33,4.04
NAHARSPING,42.86,11.62,4.16,1.88
NAM-INDIA,53.94,27.35,27.51,0.45
NARMADA,38.91,2.59,1.82,7.01
NATCAPSUQ,56.73,3.17,1.78,8.43
NATCOPHARM,35.26,43.96,28.84,3.94
NATHBIOGEN,54.72,7.61,5.18,8.07
NATIONALUM,50.24,21.95,20.38,3.06
NATIONSTD,50.73,11.94,5.07,6.58
NAUKRI,39.17,31.42,12.7,8.4
NAVA,64.38,37.06,28.13,0.36
NAVINFLUOR,61.96,29.26,25.78,2.82
NAVKARCORP,36.62,11.3,9.51,0.8
NAVKARURB,61.99,11.44,2.77,5.91
NAVNETEDUL,50.56,14.94,6.71,8.16
NAZARA,55.51,14.95,5.09,7.61
NBCC,39.3,21.88,12.38,9.79
NBIFIN,58.05,8.34,7.01,4.06
NCC,52.77,14.53,17.78,4.7
NCLIND,47.82,7.3,5.65,2.31
NDGL,38.12,7.36,9.06,1.75
NDL,54.83,4.19,6.14,5.23
NDLVENTURE,40.9,6.91,9.87,5.38
NDRAUTO,54.07,7.34,3.29,8.98
NDTV,59.22,7.13,9.51,1.8
NEAGI,48.51,13.48,5.24,2.6
NECCLTD,35.21,13.94,1.63,5.65
NECLIFE,60.65,14.86,7.95,5.78
NELCAST,43.74,4.61,8.71,3.7
NELCO,24.1,5.07,4.55,9.0
NEOGEN,39.96,3.02,5.21,1.65
NEPHROPLUS,56.9,15.07,15.2,1.52
NESCO,60.28,20.8,6.66,7.87
NESTLEIND,53.08,43.8,26.87,8.56
NETWEB,28.04,22.13,29.14,4.62
NETWORK18,48.44,16.17,14.7,2.12
NEUEON,53.48,4.75,9.46,0.83
NEULANDLAB,59.22,35.44,17.53,4.09
NEWGEN,18.42,24.19,17.71,5.6
NEXTMEDIA,57.21,5.77,9.49,6.43
NFL,57.89,6.02,3.24,8.47
NGIL,35.03,9.83,1.41,7.11
NGLFINE,42.46,2.68,7.51,2.72
NH,43.1,39.49,25.37,7.58
NHPC,29.24,42.03,25.31,8.93
NIACL,42.94,25.48,29.5,3.81
NIBE,49.57,10.9,9.8,8.1
NIBL,37.22,4.5,2.23,9.91
NIITLTD,44.81,7.38,3.82,7.63
NIITMTS,61.45,2.17,6.8,9.05
NILAINFRA,57.31,11.04,8.15,9.77
NILASPACES,47.42,8.64,1.66,7.29
NILE,56.47,7.16,3.76,7.81
NILKAMAL,38.8,13.34,7.21,2.56
NIMBSPROJ,42.04,7.99,2.11,9.17
NINSYS,29.71,11.28,2.68,0.3
NIPPOBATRY,52.96,10.97,7.68,7.42
NIRAJ,50.93,6.71,7.72,0.07
NIRAJISPAT,64.75,8.43,5.81,4.9
NIRLON,63.95,20.17,8.3,3.7
NITCO,44.96,6.42,9.27,8.2
NITINSPIN,51.01,2.95,2.32,4.9
NITIRAJ,10.62,4.25,4.44,8.07
NITTAGELA,44.13,3.58,3.33,0.89
NIVABUPA,35.07,17.82,9.59,8.05
NKIND,51.36,11.09,9.46,0.8
NLCINDIA,11.44,38.83,23.34,2.14
NMDC,63.85,38.49,13.01,4.79
NOCIL,46.67,13.99,8.91,0.88
NOIDATOLL,40.05,10.24,2.06,6.35
NORBTEAEXP,57.62,14.66,3.29,5.59
NORTHARC,54.16,10.95,7.68,2.57
NOVAAGRI,54.7,4.66,8.57,4.41
NOVARTIND,39.0,11.07,7.91,5.13
NPST,34.29,2.39,5.12,9.92
NRAIL,52.96,10.24,6.27,9.68
NRBBEARING,45.78,13.84,5.1,4.16
NRL,53.88,6.57,6.26,5.37
NSIL,44.33,7.53,3.3,5.27
NSLNISP,56.01,16.51,14.7,0.28
NTPC,28.69,36.32,17.1,2.03
NTPCGREEN,12.87,28.44,15.08,4.19
NUCLEUS,34.23,9.19,9.95,2.95
NURECA,41.76,9.27,4.34,0.1
NUVAMA,47.84,38.86,28.54,6.36
NUVOCO,37.53,17.12,18.06,3.68
NYKAA,62.81,20.75,11.17,8.07
OAL,43.12,2.28,7.14,4.2
OBCL,41.38,5.59,3.63,8.78
OBEROIRLTY,52.94,22.0,12.51,5.62
OCCLLTD,46.06,2.47,3.43,1.64
ODIGMA,49.3,11.2,1.05,1.03
OFSS,23.74,39.78,25.12,7.11
OIL,56.12,42.03,21.09,6.85
OILCOUNTUB,63.12,6.83,7.63,4.12
OLAELEC,36.76,10.62,11.84,6.48
OLECTRA,40.72,13.89,8.55,9.07
OMAXAUTO,49.35,2.26,9.46,9.05
OMAXE,43.7,13.04,4.88,7.6
OMFREIGHT,44.53,8.1,8.66,0.55
OMINFRAL,55.49,10.46,5.49,6.78
OMNI,41.01,11.12,16.44,5.24
OMPOWER,37.54,7.37,9.11,1.84
ONELIFECAP,63.54,2.5,7.23,9.01
ONEPOINT,37.79,8.33,7.48,1.05
ONESOURCE,35.92,20.64,21.44,4.86
ONGC,74.38,37.19,21.01,9.76
ONMOBILE,45.07,10.52,1.55,5.48
ONWARDTEC,16.83,12.82,1.03,2.05
OPTIEMUS,24.36,8.16,2.85,3.52
ORBTEXP,37.7,6.63,1.99,6.54
ORCHASP,10.9,7.97,7.88,9.01
ORCHPHARMA,58.2,2.78,8.0,7.82
ORICONENT,48.61,10.83,4.55,9.23
ORIENTALTL,40.11,7.05,5.71,8.69
ORIENTBELL,55.98,6.22,5.96,5.33
ORIENTCEM,55.71,10.99,9.02,2.17
ORIENTCER,51.77,11.15,8.94,1.78
ORIENTELEC,40.47,2.14,3.08,1.7
ORIENTHOT,58.28,9.51,8.02,8.39
ORIENTLTD,35.64,10.78,9.83,6.63
ORIENTPPR,54.08,12.53,5.61,6.65
ORIENTTECH,28.17,3.3,4.28,8.48
ORISSAMINE,44.12,7.77,9.06,5.52
ORKLAINDIA,62.63,15.71,6.11,6.88
ORTEL,56.06,6.66,6.83,4.22
ORTINGLOBE,41.72,6.06,7.91,1.83
OSIAHYPER,43.03,3.96,3.31,6.14
OSWALAGRO,36.34,12.57,6.63,3.81
OSWALGREEN,36.39,2.69,7.64,8.38
OSWALPUMPS,44.45,7.4,1.99,2.88
OSWALSEEDS,50.18,2.16,1.26,8.55
PACEDIGITK,18.4,6.04,5.7,9.65
PAGEIND,52.43,36.5,10.83,5.15
PAISALO,59.91,3.67,5.33,0.71
PAKKA,61.68,14.95,8.83,1.77
PALASHSECU,40.32,5.58,6.24,2.62
PALREDTEC,26.98,10.34,3.48,1.05
PANACEABIO,48.15,5.39,6.26,2.63
PANACHE,10.7,13.18,5.02,5.07
PANAMAPET,62.25,6.03,1.18,2.24
PANSARI,51.07,9.41,8.97,4.72
PAR,38.87,3.21,2.12,8.52
PARACABLES,31.05,8.1,1.2,5.47
PARADEEP,63.63,21.98,8.47,8.7
PARAGMILK,62.56,6.7,9.89,6.5
PARAS,70.03,11.96,10.35,2.85
PARASPETRO,48.72,4.2,7.06,0.22
PARKHOSPS,63.25,21.16,16.6,1.0
PARKHOTELS,55.01,9.4,4.91,5.41
PARSVNATH,48.25,9.37,3.46,7.82
PASHUPATI,62.14,10.16,5.85,1.21
PASUPTAC,38.82,5.33,3.01,2.87
PATANJALI,51.68,44.53,11.98,3.99
PATELENG,36.12,9.98,2.1,3.54
PATELRMART,38.42,5.12,7.58,3.24
PATINTLOG,38.35,12.6,8.4,3.47
PAUSHAKLTD,41.04,9.81,5.06,5.64
PAVNAIND,47.01,14.93,9.9,3.29
PAYTM,23.66,29.6,26.0,3.11
PCBL,44.63,10.75,19.62,2.87
PCJEWELLER,55.1,24.53,12.02,4.0
PDMJEPAPER,44.59,14.22,8.12,0.19
PDSL,41.46,14.37,4.11,3.62
PEARLPOLY,43.52,13.82,5.64,1.7
PENIND,39.38,13.91,7.3,8.35
PENINLAND,47.84,5.51,1.33,9.09
PERSISTENT,22.6,39.28,19.05,9.78
PETRONET,56.54,37.63,20.6,8.2
PFC,58.25,29.4,21.91,2.05
PFIZER,39.92,23.53,10.44,4.5
PFOCUS,44.06,40.69,14.17,2.3
PFS,64.56,7.82,9.06,6.04
PGEL,11.54,18.69,17.7,2.07
PGHH,53.9,43.45,21.23,9.9
PGHL,41.95,22.27,9.9,3.09
PGIL,61.02,15.82,14.85,7.71
PHOENIXLTD,44.22,30.91,14.99,9.71
PICCADIL,62.27,12.11,13.37,3.97
PIDILITIND,39.66,32.78,15.3,3.96
PIGL,63.65,7.14,4.79,6.8
PIIND,55.47,37.05,24.6,9.76
PILANIINVS,62.21,24.64,10.65,9.74
PILITA,45.1,6.34,6.41,2.74
PINELABS,14.34,38.11,26.03,3.67
PIONEEREMB,38.57,14.33,6.85,0.34
PIONRINV,62.61,8.37,5.68,7.77
PIRAMALFIN,64.17,41.62,13.15,9.6
PITTIENG,55.46,11.62,3.5,4.47
PIXTRANS,52.17,11.52,6.28,6.34
PKTEA,57.25,10.31,2.09,0.47
PLASTIBLEN,36.5,14.7,5.95,5.17
PLATIND,51.49,10.39,8.77,7.54
PLAZACABLE,36.71,11.02,8.53,8.92
PML,59.01,10.38,2.87,0.12
PNB,28.51,20.66,19.3,8.95
PNBGILTS,47.79,9.91,6.5,9.77
PNBHOUSING,15.28,43.38,13.2,8.66
PNC,45.94,5.61,5.83,5.58
PNCINFRA,35.09,15.77,17.56,7.87
PNGJL,49.83,10.88,12.47,8.01
PNGSREVA,48.16,12.84,7.1,5.19
POCL,35.35,10.34,4.34,1.01
PODDARMENT,61.92,10.57,3.91,4.33
POKARNA,43.67,11.67,6.87,0.07
POLICYBZR,59.81,37.95,26.56,6.96
POLYCAB,57.91,20.56,25.22,5.72
POLYMED,51.72,23.95,8.73,7.64
POLYPLEX,63.19,12.84,6.87,8.56
PONNIERODE,41.95,14.91,2.85,4.49
POONAWALLA,62.88,43.23,21.0,2.03
POWERGRID,22.33,27.41,17.97,5.76
POWERICA,62.75,14.9,16.04,4.54
POWERINDIA,36.46,32.18,21.41,8.79
POWERMECH,64.44,17.14,11.11,4.44
PPAP,39.73,12.17,8.45,0.45
PPL,45.51,8.88,3.7,4.03
PPLPHARMA,45.57,34.47,26.97,1.36
PRABHA,70.32,6.61,3.62,8.29
PRADPME,39.08,10.57,8.2,9.62
PRAENG,60.29,13.65,3.08,7.67
PRAJIND,39.9,14.73,19.76,5.93
PRAKASH,46.14,13.91,5.94,1.52
PRAKASHSTL,55.78,12.0,4.92,5.74
PRAVEG,63.24,3.19,5.16,9.39
PRAXIS,60.77,2.09,4.82,1.86
PRECAM,61.28,5.24,6.22,7.98
PRECOT,61.43,9.49,6.88,8.58
PRECWIRE,42.81,17.96,9.3,5.08
PREMCO,56.37,12.39,7.99,8.01
PREMEXPLN,47.35,13.51,6.48,3.36
PREMIER,57.25,6.13,3.44,0.53
PREMIERENE,19.07,38.67,16.18,7.99
PREMIERPOL,35.63,3.94,6.43,5.84
PRESTIGE,47.4,36.17,12.27,7.2
PRICOLLTD,39.35,13.96,6.88,5.91
PRIMESECU,49.46,8.26,3.55,1.33
PRIMO,58.78,3.51,8.36,0.5
PRINCEPIPE,39.44,2.34,8.81,8.81
PRITI,63.34,8.33,6.47,6.22
PRITIKAUTO,56.16,11.58,3.29,4.6
PRIVISCL,38.78,21.44,8.67,7.2
PROSTARM,52.18,14.4,5.18,5.52
PROTEAN,18.29,10.17,9.47,0.08
PROZONER,38.98,5.46,1.35,1.25
PRSMJOHNSN,35.75,19.21,7.88,6.84
PRUDENT,51.32,23.91,8.5,8.04
PRUDMOULI,47.07,2.44,8.17,9.49
PSB,23.6,23.86,5.5,7.67
PSPPROJECT,54.74,9.08,7.45,1.24
PTC,34.82,22.46,5.23,7.93
PTCIL,55.05,42.27,22.19,6.77
PTL,58.45,4.8,7.7,8.71
PUNJABCHEM,47.27,13.93,6.17,7.89
PURVA,58.46,11.47,13.58,8.46
PVP,61.56,10.66,4.27,8.8
PVRINOX,42.8,16.6,16.5,5.16
PVSL,38.66,5.75,3.07,6.38
PWL,49.61,30.37,28.61,1.67
PYRAMID,64.07,6.48,2.28,0.29
QPOWER,52.67,21.68,6.29,0.65
QUADFUTURE,44.07,11.81,2.6,3.98
QUESS,48.59,7.3,2.98,8.67
QUICKHEAL,14.22,13.64,4.13,8.09
QUINT,54.44,4.4,7.92,9.75
QUINTEGRA,20.38,9.72,2.73,6.36
RACE,36.82,14.3,5.57,7.51
RACLGEAR,58.89,11.04,7.02,2.54
RADAAN,43.16,9.68,9.57,8.47
RADHIKAJWE,46.89,12.46,1.36,2.22
RADIANTCMS,58.39,9.64,9.39,3.74
RADICO,45.57,32.93,18.67,2.41
RADIOCITY,50.93,13.19,5.95,7.46
RAILTEL,64.51,22.33,10.9,4.81
RAIN,53.69,13.09,19.91,0.9
RAINBOW,55.49,15.32,14.26,4.04
RAJESHEXPO,63.2,3.09,2.57,1.55
RAJMET,46.33,9.49,2.12,7.04
RAJOOENG,60.69,2.44,3.9,3.88
RAJPALAYAM,44.88,5.29,7.85,8.32
RAJRATAN,39.4,11.62,6.51,9.32
RAJRILTD,63.15,12.05,4.11,7.72
RAJSREESUG,47.56,4.08,8.67,6.73
RAJTV,59.42,6.78,3.08,1.3
RAJVIR,36.4,5.4,6.13,4.78
RALLIS,46.05,11.8,10.27,7.98
RAMANEWS,55.44,9.58,5.7,6.6
RAMAPHO,45.71,2.63,1.68,1.74
RAMASTEEL,51.92,14.72,5.09,7.58
RAMCOCEM,48.74,38.93,16.11,2.74
RAMCOIND,40.24,13.2,1.51,8.48
RAMCOSYS,28.11,5.98,3.65,9.32
RAMKY,51.48,3.43,7.01,6.64
RAMRAT,35.97,13.5,6.86,1.23
RANASUG,61.7,5.12,4.88,2.21
RANEHOLDIN,50.57,4.56,5.49,9.0
RATEGAIN,20.89,14.92,19.46,6.19
RATNAMANI,64.95,30.37,29.18,5.09
RATNAVEER,64.9,12.75,8.64,8.83
RAYMOND,59.27,6.17,9.03,6.81
RAYMONDLSL,52.89,12.43,3.57,0.13
RAYMONDREL,46.52,10.13,6.39,6.43
RBA,48.93,8.2,6.41,0.23
RBLBANK,33.87,38.32,15.02,5.11
RBZJEWEL,41.37,10.68,5.93,6.58
RCF,45.45,17.33,6.78,4.43
RCOM,61.36,2.69,7.7,1.07
RECLTD,61.96,40.0,21.3,3.3
REDINGTON,10.66,18.27,15.33,7.56
REDTAPE,52.51,23.77,9.73,9.74
REFEX,62.64,5.12,4.31,3.98
REGAAL,40.39,13.37,7.02,6.75
REGENCERAM,49.95,12.86,7.85,0.14
RELAXO,36.38,19.3,5.49,1.76
RELCHEMQ,51.71,10.89,2.74,1.76
RELIABLE,28.02,13.38,7.16,1.52
RELIANCE,73.62,30.69,25.74,2.34
RELIGARE,39.21,19.97,19.8,9.75
RELINFRA,30.83,9.76,6.14,7.67
RELTD,17.93,2.05,8.61,4.25
REMSONSIND,64.26,12.87,5.78,1.05
RENUKA,37.9,18.23,8.54,6.67
REPCOHOME,19.28,5.74,3.23,9.59
REPL,57.85,9.09,7.34,1.65
REPRO,62.45,9.55,2.38,7.55
RESPONIND,41.85,5.67,4.55,6.81
RETAIL,48.24,7.2,9.3,6.83
RGL,53.0,10.0,5.57,8.87
RHETAN,64.86,5.09,4.57,5.25
RHFL,21.36,10.22,9.38,8.78
RHIM,44.49,16.03,17.06,7.83
RHL,36.45,4.32,3.05,4.3
RICOAUTO,45.78,8.11,6.32,0.84
RIIL,62.98,12.81,8.29,4.97
RISHABH,29.99,13.65,2.87,0.65
RITCO,36.18,3.5,5.29,8.19
RITES,60.76,19.09,6.23,3.17
RKDL,52.75,10.62,4.91,1.53
RKEC,41.48,12.52,1.26,9.96
RKFORGE,46.57,17.48,12.98,1.07
RKSWAMY,45.96,13.48,9.8,8.41
RMC,36.91,10.5,2.11,7.52
RMDRIP,63.17,9.97,7.55,4.61
RML,55.36,4.76,2.94,6.47
RNBDENIMS,56.71,2.75,4.28,1.37
ROHLTD,58.96,10.84,9.64,2.99
ROLEXRINGS,59.32,13.18,2.31,7.35
ROLLT,39.09,8.35,9.43,3.65
ROML,36.56,5.89,9.67,1.26
ROSSARI,58.76,6.19,4.24,4.51
ROSSELLIND,52.99,7.17,4.9,4.41
ROSSTECH,55.79,3.29,2.88,5.29
ROTO,41.12,3.87,1.91,5.49
ROUTE,55.12,13.93,2.16,6.66
RPEL,52.24,13.64,9.23,4.55
RPGLIFE,36.21,4.52,2.51,2.63
RPOWER,20.61,21.74,18.99,2.84
RPPINFRA,39.8,14.23,7.9,4.08
RPPL,45.18,13.09,5.11,1.61
RPSGVENT,29.86,9.53,4.01,0.27
RPTECH,21.59,8.54,8.51,7.86
RRIL,39.97,4.31,6.29,9.19
RRKABEL,39.47,28.82,15.06,4.46
RSDFIN,38.76,14.17,5.64,2.44
RSL,52.08,13.48,3.1,6.82
RSSOFTWARE,20.21,14.68,9.79,9.78
RSWM,56.47,14.12,6.74,5.18
RSYSTEMS,24.37,8.04,6.83,0.62
RTNINDIA,57.48,12.5,8.82,6.53
RTNPOWER,29.0,11.5,18.53,4.31
RUBFILA,41.38,7.39,4.57,8.21
RUBICON,46.63,23.5,12.16,6.83
RUBYMILLS,63.81,4.0,3.01,3.35
RUCHINFRA,37.55,4.93,3.89,5.23
RUCHIRA,63.51,10.95,7.5,9.5
RUDRA,36.49,7.15,2.08,3.45
RUPA,50.16,5.23,3.26,6.05
RUSHIL,61.19,12.37,4.9,1.86
RUSTOMJEE,45.28,24.7,18.42,9.61
RVHL,48.01,7.44,9.2,1.63
RVNL,44.82,34.6,26.98,2.19
RVTH,47.25,2.52,7.77,0.54
S&SPOWER,59.52,5.58,5.68,3.49
SAATVIKGL,20.37,14.99,18.93,1.55
SABEVENTS,39.57,4.52,5.71,6.75
SADBHAV,62.35,8.16,4.31,3.46
SADBHIN,40.61,14.72,8.87,5.92
SADHNANIQ,39.16,6.89,6.06,0.06
SAFARI,51.0,18.72,11.37,3.8
SAGARDEEP,49.06,7.99,2.53,2.51
SAGCEM,36.03,14.13,8.76,2.59
SAGILITY,60.11,27.44,27.35,1.63
SAHLIBHFI,51.38,12.54,4.68,7.45
SAHYADRI,64.34,6.27,4.35,7.65
SAIL,50.51,44.55,19.57,1.66
SAILIFE,38.22,24.61,10.87,8.89
SAIPARENT,49.56,12.03,5.53,7.66
SAKAR,64.29,3.7,1.26,1.66
SAKHTISUG,41.69,9.87,2.96,8.99
SAKSOFT,26.56,11.71,1.74,5.66
SAKUMA,51.82,3.19,1.95,3.76
SALASAR,48.11,9.36,7.57,7.8
SALONA,39.2,9.48,9.31,5.83
SALSTEEL,40.84,7.56,6.75,0.26
SALZERELEC,64.68,7.69,8.79,4.31
SAMBHAAV,50.62,11.07,4.33,9.82
SAMBHV,44.4,8.72,2.01,1.15
SAMHI,47.21,6.88,4.33,1.67
SAMMAANCAP,19.4,13.68,6.53,7.14
SAMPANN,58.74,14.77,8.78,1.81
SANATHAN,38.17,4.67,9.24,5.78
SANCO,60.86,2.7,5.8,1.34
SANDESH,48.99,6.75,7.96,9.36
SANDHAR,49.55,6.82,5.01,0.32
SANDUMA,58.61,12.36,10.82,3.45
SANGAMIND,49.33,3.34,9.37,1.78
SANGHVIMOV,52.3,10.04,8.21,5.63
SANGINITA,54.65,12.35,4.49,5.5
SANOFI,59.61,19.34,14.95,3.11
SANOFICONR,38.69,18.42,6.23,6.68
SANSERA,57.27,23.89,10.16,7.04
SANSTAR,61.37,5.7,2.63,0.36
SANWARIA,42.74,9.68,8.59,1.56
SAPPHIRE,61.41,13.37,15.63,3.55
SAPPL,43.03,7.7,7.47,8.17
SARDAEN,45.18,28.17,18.87,9.91
SAREGAMA,35.26,16.85,8.7,0.9
SARLAPOLY,44.82,6.2,6.29,7.65
SARVESHWAR,62.58,5.58,1.83,1.35
SASKEN,22.39,14.48,2.19,7.26
SATIA,36.74,10.97,2.83,6.05
SATIN,55.06,12.52,5.24,1.23
SAURASHCEM,51.73,2.5,9.9,9.45
SAYAJIHOTL,49.88,6.74,1.82,8.62
SBC,44.79,13.88,1.15,3.55
SBCL,55.14,3.54,5.56,0.34
SBFC,53.35,13.56,8.81,2.02
SBGLP,61.9,4.94,8.41,0.6
SBICARD,38.51,32.78,21.67,2.72
SBILIFE,53.57,44.44,22.61,3.45
SBIN,31.11,24.14,12.66,9.33
SCANSTL,45.91,13.41,6.64,7.41
SCHAEFFLER,46.48,35.0,17.84,9.92
SCHAND,57.72,7.76,7.1,2.6
SCHNEIDER,35.57,34.61,21.24,8.67
SCI,57.12,10.51,12.79,4.36
SCILAL,62.05,13.55,6.61,3.96
SCODATUBES,48.64,4.93,4.87,5.85
SCPL,64.33,3.5,9.6,3.61
SDBL,43.44,2.34,6.2,5.19
SEAMECLTD,53.61,10.43,9.84,3.52
SECMARK,42.59,3.33,2.43,9.3
SECURKLOUD,20.32,4.54,8.55,3.7
SEDEMAC,44.37,24.74,10.32,7.95
SEIL,42.64,3.89,6.99,1.46
SEJALLTD,62.57,9.02,7.17,7.18
SELMC,45.29,10.15,1.17,5.41
SEMAC,53.61,2.49,1.48,3.4
SENCO,59.04,21.36,11.42,9.48
SENORES,56.47,12.38,2.54,7.84
SEPC,40.4,9.52,7.04,1.42
SERVOTECH,35.13,4.4,5.22,0.76
SESHAPAPER,53.73,12.09,1.55,9.69
SETCO,57.02,10.45,9.35,3.08
SETL,41.88,9.26,7.37,3.77
SETUINFRA,64.65,10.39,3.66,6.45
SEYAIND,44.34,13.75,4.82,2.81
SFL,57.67,13.8,14.12,1.9
SGFIN,42.95,3.96,2.74,6.58
SGIL,54.05,13.5,6.94,9.08
SGL,37.24,8.02,4.17,1.68
SGMART,35.85,20.45,16.34,2.38
SHADOWFAX,54.34,16.2,18.4,1.99
SHAH,58.31,6.57,4.61,1.6
SHAHALLOYS,46.8,8.98,9.7,9.74
SHAILY,53.81,15.85,5.31,0.75
SHAKTIPUMP,44.91,24.43,11.57,0.3
SHALBY,43.81,14.59,6.11,6.14
SHALPAINTS,64.48,7.53,3.62,8.76
SHANKARA,41.69,2.27,5.8,2.18
SHANTI,50.98,13.48,6.49,3.15
SHANTIGEAR,57.54,12.82,1.48,3.75
SHANTIGOLD,49.27,6.13,5.22,9.74
SHARDACROP,56.14,16.41,8.35,1.55
SHARDAMOTR,60.35,15.02,10.02,3.09
SHARDUL,63.74,14.92,9.92,1.9
SHAREINDIA,59.81,11.56,7.56,5.54
SHBAJRG,62.23,12.14,8.04,2.18
SHEKHAWATI,61.05,6.1,6.68,7.59
SHEMAROO,39.22,4.42,2.95,9.94
SHILCTECH,63.8,5.57,5.54,1.13
SHILPAMED,55.63,19.1,9.98,9.18
SHINDL,46.09,11.62,3.72,2.61
SHIVALIK,43.56,8.11,7.86,7.37
SHIVAMAUTO,50.57,13.52,8.69,2.71
SHIVAMILLS,58.6,12.51,9.5,6.04
SHIVATEX,59.26,12.78,6.56,6.91
SHIVAUM,56.04,12.78,9.15,1.44
SHK,46.82,4.72,2.92,1.03
SHOPERSTOP,40.87,5.49,4.86,4.81
SHRADHA,37.94,9.05,9.48,6.02
SHREDIGCEM,42.5,12.22,7.82,7.52
SHREECEM,50.13,25.26,22.98,7.37
SHREEJISPG,55.8,14.98,10.42,2.96
SHREEPUSHK,45.56,2.87,7.09,9.66
SHREERAMA,50.34,8.76,2.17,0.6
SHRENIK,35.78,2.87,4.11,7.79
SHREYANIND,60.41,9.66,2.74,8.91
SHRIKRISH,38.01,14.89,6.93,5.1
SHRINGARMS,36.87,3.64,1.34,1.16
SHRIPISTON,47.85,10.66,6.13,3.48
SHRIRAMFIN,49.2,24.15,11.39,2.54
SHRIRAMPPS,43.15,12.21,5.47,3.24
SHYAMCENT,57.45,2.42,1.43,5.26
SHYAMMETL,52.76,39.05,17.26,1.75
SHYAMTEL,12.11,2.26,9.56,5.46
SICAGEN,51.73,4.94,3.67,3.68
SICALLOG,39.96,9.68,7.61,1.86
SIEMENS,50.75,38.72,29.58,7.84
SIGACHI,46.42,6.49,4.54,2.48
SIGIND,36.83,4.24,8.22,2.99
SIGMA,28.78,4.63,6.82,8.37
SIGMAADV,59.14,21.62,14.35,5.18
SIGNATURE,53.53,11.1,7.01,2.75
SIGNPOST,60.62,5.72,3.26,1.75
SIKA,41.35,12.69,2.43,0.71
SIKKO,53.4,7.49,2.31,4.08
SIL,39.45,4.56,8.74,1.4
SILGO,51.52,3.94,5.98,5.57
SILINV,51.46,12.86,7.65,0.81
SILLYMONKS,61.37,6.6,8.41,6.77
SILVERTUC,30.12,12.95,7.98,2.43
SIMBHALS,54.61,4.18,4.22,6.83
SIMPLEXINF,41.2,11.03,2.77,1.3
SINCLAIR,39.16,6.05,1.11,9.06
SINDHUTRAD,46.68,11.93,1.45,8.54
SINGERIND,48.04,6.21,1.54,0.29
SINTERCOM,43.85,7.19,5.94,9.54
SIRCA,38.49,6.31,7.54,1.44
SIS,54.45,18.8,17.0,1.29
SITINET,45.86,5.79,5.71,0.4
SIYSIL,60.82,4.81,5.16,8.03
SJS,49.67,18.16,8.36,6.1
SJVN,29.59,36.89,19.98,5.43
SKFINDIA,61.64,18.05,19.17,4.04
SKFINDUS,39.89,17.21,12.8,1.25
SKIL,51.35,2.57,8.91,4.31
SKIPPER,42.67,13.75,18.66,1.76
SKMEGGPROD,55.86,6.69,8.06,9.27
SKYGOLD,50.7,18.45,14.6,9.47
SMARTLINK,27.02,2.58,2.07,8.12
SMARTWORKS,62.42,14.04,6.1,3.49
SMCGLOBAL,49.37,13.87,7.16,7.81
SMLMAH,48.34,10.65,16.59,2.45
SMLT,47.05,5.86,2.02,2.64
SMSPHARMA,45.79,9.14,3.36,3.86
SNOWMAN,64.29,4.81,9.41,7.59
SOBHA,42.29,16.95,17.67,4.53
SOFTTECH,22.56,2.66,6.64,2.0
SOLARA,61.59,14.95,5.39,6.07
SOLARINDS,61.15,39.77,22.94,0.24
SOLARWORLD,18.84,8.21,4.2,6.69
SOLEX,11.75,5.51,9.0,2.87
SOMANYCERA,64.96,4.06,5.02,1.43
SOMATEX,61.18,12.44,7.46,4.95
SOMICONVEY,49.71,9.92,6.71,9.32
SONACOMS,59.83,24.16,12.88,0.23
SONAL,44.02,7.25,8.86,5.71
SONAMLTD,58.27,5.03,5.77,7.7
SONATSOFTW,22.53,23.28,10.47,6.16
SOTL,62.35,6.88,2.53,1.86
SOUTHBANK,16.97,22.28,7.95,1.92
SOUTHWEST,59.86,12.84,9.28,9.22
SPAL,56.26,4.63,5.72,7.2
SPANDANA,64.06,8.55,1.64,7.67
SPARC,54.12,21.91,18.05,6.08
SPCENET,63.91,6.53,4.34,0.84
SPECIALITY,62.88,2.33,6.7,5.1
SPECTRUM,64.92,10.73,2.12,5.1
SPENCERS,59.03,2.79,6.75,2.3
SPIC,64.63,13.35,2.19,2.18
SPLIL,49.23,10.55,6.14,5.42
SPLPETRO,57.79,16.07,14.31,3.98
SPMLINFRA,49.33,7.76,5.53,2.43
SPORTKING,54.05,14.63,4.34,8.67
SRD,49.25,8.56,3.2,4.92
SREEL,58.51,9.97,9.24,0.35
SRF,49.33,25.48,21.81,0.8
SRGHFL,33.83,6.42,9.13,6.36
SRHHYPOLTD,59.28,12.81,1.95,2.09
SRM,53.16,8.64,3.13,5.73
SRPL,61.33,6.43,4.31,3.21
SRTL,45.4,2.23,5.62,1.21
SSDL,35.63,13.35,6.06,5.98
SSWL,35.28,13.95,7.59,4.54
STALLION,63.89,2.57,5.42,9.41
STANLEY,61.93,11.15,4.42,9.7
STAR,38.71,12.35,11.97,4.29
STARCEMENT,41.4,10.89,14.61,5.78
STARHEALTH,50.67,43.62,12.0,8.92
STARPAPER,62.4,10.86,1.89,8.72
STARTECK,49.23,10.13,1.66,8.14
STCINDIA,46.57,11.13,4.94,6.51
STEELCAS,40.91,2.04,3.93,6.07
STEELCITY,48.03,9.1,3.17,6.86
STEELXIND,39.59,11.25,9.92,4.13
STEL,50.98,13.87,1.29,0.54
STERTOOLS,48.94,5.1,7.41,9.06
STLNETWORK,48.53,9.28,3.34,7.29
STLTECH,20.06,22.96,16.95,2.06
STOVEKRAFT,52.97,14.3,1.78,4.54
STUDDS,39.61,6.91,8.6,3.68
STYL,21.03,7.3,2.23,7.16
STYLAMIND,49.05,14.83,4.15,1.25
STYLEBAAZA,57.6,7.49,5.68,2.77
STYRENIX,50.63,11.25,5.98,4.83
SUBEXLTD,13.5,7.74,1.42,1.59
SUBROS,45.15,14.56,13.28,8.83
SUDARCOLOR,59.61,8.16,3.2,9.63
SUDARSCHEM,52.0,14.98,5.11,6.41
SUDEEPPHRM,60.49,18.56,14.8,9.16
SUKHJITS,54.9,5.43,1.6,4.43
SULA,59.44,10.24,4.63,3.93
SUMEETINDS,43.94,7.28,4.92,5.34
SUMICHEM,42.15,20.74,20.02,7.68
SUMIT,56.06,13.04,1.2,6.34
SUMMITSEC,46.75,8.41,2.18,5.58
SUNCLAY,50.46,2.76,9.12,0.63
SUNDARAM,37.34,8.82,9.04,3.92
SUNDARMFIN,60.68,30.95,25.89,9.85
SUNDRMBRAK,56.44,10.72,7.85,1.2
SUNDRMFAST,58.29,17.4,17.72,2.93
SUNDROP,40.36,13.36,2.11,0.29
SUNFLAG,46.57,12.73,18.2,7.5
SUNPHARMA,40.46,41.3,13.0,8.52
SUNTECK,45.81,13.5,8.86,6.65
SUNTV,62.83,34.12,20.53,2.46
SUPERHOUSE,60.7,6.19,2.39,0.69
SUPERSPIN,55.42,12.34,8.92,9.83
SUPRAJIT,44.59,11.04,14.79,8.47
SUPREME,48.7,4.61,5.51,4.33
SUPREMEENG,57.95,2.38,4.72,6.99
SUPREMEIND,48.18,43.12,14.67,8.44
SUPREMEINF,51.12,8.05,5.5,6.85
SUPRIYA,51.66,11.7,15.91,2.75
SURAJEST,41.81,12.71,7.34,8.98
SURAJLTD,55.69,6.49,2.62,7.54
SURAKSHA,35.09,10.56,4.53,6.95
SURANASOL,18.75,12.74,3.06,9.62
SURANAT&P,32.47,11.7,1.22,3.54
SURYALA,60.91,13.86,8.6,0.44
SURYALAXMI,58.78,14.23,2.23,7.61
SURYAROSNI,59.07,12.77,7.68,8.83
SURYODAY,21.18,11.42,9.91,4.62
SUTLEJTEX,50.09,2.5,6.97,7.45
SUVEN,41.39,24.33,5.56,5.99
SUVIDHAA,10.55,6.59,2.6,0.49
SUYOG,42.89,11.11,6.21,9.88
SUZLON,48.48,30.4,11.29,6.43
SVLL,45.4,14.89,6.06,3.62
SVPGLOB,39.31,10.88,2.25,9.94
SWANCORP,52.93,17.41,17.89,9.49
SWANDEF,60.04,14.22,13.13,1.47
SWARAJENG,52.95,6.24,8.26,7.39
SWELECTES,30.06,10.62,4.01,9.78
SWIGGY,57.45,20.72,26.41,5.81
SWSOLAR,22.75,4.3,8.23,9.5
SYMPHONY,58.94,18.57,6.07,5.77
SYNCOMF,55.52,12.78,9.02,1.92
SYNGENE,57.96,11.46,10.71,8.99
SYRMA,32.12,24.85,21.4,4.29
SYSTMTXC,57.26,6.69,3.88,0.24
TAALTECH,52.3,8.07,3.37,5.26
TAINWALCHM,43.13,14.44,3.7,3.55
TAJGVK,35.11,13.39,8.69,2.03
TAKE,46.1,9.42,2.02,0.03
TALBROAUTO,60.55,14.12,1.5,6.21
TAMBOLIIN,64.95,8.63,1.99,9.45
TANLA,17.96,23.56,13.94,3.8
TARACHAND,60.96,8.41,9.48,1.78
TARAPUR,47.43,7.76,6.29,3.35
TARC,40.06,12.53,1.45,4.89
TARIL,54.73,13.24,8.95,9.73
TARMAT,57.36,9.77,8.13,9.14
TARSONS,64.85,14.66,4.02,7.41
TASTYBITE,50.89,13.06,9.66,3.93
TATACAP,36.93,24.36,29.09,8.16
TATACHEM,55.11,13.53,10.02,2.81
TATACOMM,54.81,41.99,14.85,8.69
TATACONSUM,39.32,28.62,24.08,5.35
TATAELXSI,25.48,29.32,14.78,2.09
TATAINVEST,49.76,38.02,10.52,9.08
TATAPOWER,16.92,38.49,11.02,5.0
TATASTEEL,56.01,44.18,13.29,3.24
TATATECH,28.04,40.94,24.0,0.04
TATVA,35.74,11.69,3.75,0.83
TBOTEK,51.64,21.71,9.74,7.64
TBZ,41.32,9.88,9.15,7.16
TCC,57.52,9.17,1.75,8.87
TCI,64.12,15.45,8.09,1.78
TCIEXP,37.98,3.76,2.6,1.46
TCIFINANCE,50.45,7.23,7.85,3.46
TCPLPACK,48.24,10.16,6.72,1.09
TCS,26.78,26.15,23.55,9.02
TDPOWERSYS,43.43,16.8,19.34,4.23
TEAMGTY,45.75,2.62,3.31,6.48
TEAMLEASE,64.02,10.27,6.9,4.69
TECHM,10.68,35.12,10.03,1.98
TECHNOE,57.59,10.85,10.23,4.46
TECHNVISN,42.9,6.0,4.55,0.04
TECILCHEM,43.97,8.63,8.16,5.79
TEGA,58.24,18.49,17.5,9.66
TEJASNET,20.32,16.36,11.59,8.76
TEMBO,54.92,2.5,1.41,1.21
TENNIND,37.76,8.6,8.79,4.44
TERASOFT,17.91,6.2,9.6,5.96
TEXINFRA,54.99,3.4,9.74,0.64
TEXMOPIPES,51.57,13.72,3.07,0.16
TEXRAIL,61.07,12.97,7.67,4.01
TFCILTD,50.32,6.87,8.05,1.8
TFL,13.1,9.29,3.17,2.67
TGBHOTELS,64.87,12.24,8.02,1.22
THACKER,36.66,2.77,7.97,1.54
THAKDEV,60.64,11.14,4.66,3.15
THANGAMAYL,47.59,23.19,5.65,3.13
THEINVEST,54.0,2.32,1.66,9.55
THEJO,63.39,4.34,6.98,5.53
THELEELA,39.49,10.1,13.41,0.73
THEMISMED,37.34,11.69,8.92,4.14
THERMAX,63.66,31.39,11.27,6.49
THOMASCOOK,59.11,8.36,5.96,9.0
THOMASCOTT,42.55,10.67,1.77,3.99
THYROCARE,40.22,16.43,15.14,5.32
TI,59.5,10.58,17.84,0.94
TICL,63.72,5.48,5.25,6.52
TIGERLOGS,64.54,5.49,7.69,7.4
TIIL,46.54,16.02,16.39,1.35
TIINDIA,42.67,40.62,27.0,3.19
TIJARIA,45.21,4.27,8.88,3.27
TIL,52.6,10.61,9.22,3.51
TIMETECHNO,55.89,15.38,7.55,1.12
TIMEX,64.42,12.08,3.55,6.62
TIMKEN,39.45,25.04,18.98,2.35
TINNARUBR,45.16,9.52,7.55,8.3
TIPSFILMS,43.61,8.52,5.21,4.3
TIPSMUSIC,59.5,23.59,14.8,0.22
TIRUMALCHM,50.72,5.93,7.84,1.84
TIRUPATIFL,53.27,9.75,9.15,8.14
TITAGARH,41.46,10.4,5.94,0.58
TITAN,35.43,43.35,13.29,2.9
TMB,32.53,20.08,10.7,0.09
TMCV,53.92,36.54,19.09,1.37
TMPV,35.46,32.14,29.91,6.62
TNPETRO,38.27,8.41,5.98,8.59
TNPL,43.98,3.48,10.0,5.56
TNTELE,33.81,11.43,2.37,7.36
TOKYOPLAST,52.49,4.28,1.9,7.32
TOLINS,37.79,4.57,5.14,6.93
TORNTPHARM,42.75,31.98,25.28,6.58
TORNTPOWER,33.93,39.77,20.34,3.48
TOTAL,44.06,7.72,9.7,5.77
TOUCHWOOD,57.31,3.11,8.82,6.58
TPHQ,61.01,2.61,2.01,6.98
TPLPLASTEH,60.4,6.34,5.66,2.24
TRACXN,11.83,12.15,3.19,0.21
TRANSPEK,61.9,11.64,1.04,1.65
TRANSRAILL,39.52,18.19,16.48,3.99
TRANSWORLD,48.44,4.81,2.66,4.16
TRAVELFOOD,40.4,17.18,19.1,8.51
TREEHOUSE,40.06,4.83,5.62,3.67
TREJHARA,12.06,13.34,7.56,9.62
TREL,51.24,3.44,2.95,2.34
TRENT,38.02,30.49,29.02,8.99
TRF,59.74,6.06,7.6,2.41
TRIDENT,56.07,13.99,12.48,1.8
TRIGYN,27.35,11.8,3.08,8.99
TRITURBINE,52.47,24.92,18.55,7.82
TRIVENI,50.73,20.4,9.19,0.23
TRU,38.34,3.59,3.43,9.93
TRUALT,52.79,7.23,6.93,1.27
TSFINV,35.39,21.82,19.06,1.25
TTKHLTCARE,47.23,10.27,8.54,9.96
TTKPRESTIG,37.96,14.83,9.67,5.17
TTL,41.21,10.07,3.28,0.78
TTML,46.42,18.02,5.33,3.64
TVSELECT,33.49,13.81,9.83,7.39
TVSHLTD,59.84,39.23,19.0,5.95
TVSMOTOR,46.69,30.22,10.66,6.01
TVSSCS,53.64,10.22,7.91,5.6
TVSSRICHAK,41.19,14.51,6.9,2.14
TVTODAY,63.26,14.19,4.2,9.67
TVVISION,40.78,13.03,8.07,8.11
UBL,55.01,25.49,18.17,4.75
UCAL,40.96,3.48,8.92,3.09
UCOBANK,26.77,44.39,19.41,4.07
UDS,58.58,7.01,1.6,9.87
UEL,16.02,13.19,3.1,2.06
UFBL,43.81,7.11,6.36,0.09
UFLEX,47.25,6.25,5.54,2.74
UFO,40.94,3.86,2.33,5.87
UGARSUGAR,53.78,11.25,2.3,0.41
UGROCAP,61.54,5.07,4.3,8.89
UJJIVANSFB,13.91,10.0,13.16,0.26
ULTRACEMCO,61.98,43.11,13.86,3.68
ULTRAMAR,54.58,9.64,5.96,0.63
UMAEXPORTS,46.48,14.59,4.37,4.51
UMESLTD,38.1,10.72,4.66,1.4
UMIYA-MRO,35.65,5.58,8.94,7.96
UNICHEMLAB,60.15,14.16,6.99,4.33
UNIDT,66.99,14.84,3.84,4.2
UNIECOM,30.37,3.41,1.08,9.31
UNIENTER,53.14,7.55,6.48,0.84
UNIINFO,42.34,9.6,9.44,0.93
UNIMECH,62.04,21.42,17.93,1.52
UNIONBANK,31.5,42.25,29.43,4.52
UNIPARTS,40.24,9.56,6.84,5.66
UNITDSPR,52.67,32.02,21.2,9.41
UNITECH,45.58,2.53,3.91,0.65
UNITEDPOLY,48.46,4.93,4.55,2.06
UNITEDTEA,60.05,13.81,6.14,2.83
UNIVAFOODS,61.63,8.92,7.05,9.5
UNIVASTU,54.49,3.98,1.78,4.68
UNIVCABLES,53.21,3.64,8.37,1.72
UNIVPHOTO,62.92,11.39,5.51,2.29
UNOMINDA,64.22,35.27,12.85,3.64
UPL,63.61,37.16,23.64,3.54
URAVIDEF,60.03,12.54,8.47,5.17
URBANCO,16.4,22.84,11.29,5.49
URJA,30.44,13.96,1.68,6.19
USHAMART,35.26,20.49,7.48,2.66
USK,57.68,7.37,1.38,1.53
UTIAMC,64.25,21.83,19.28,8.88
UTKARSHBNK,20.93,8.09,3.4,7.28
UTLSOLAR,29.95,20.05,16.12,0.96
UTTAMSUGAR,40.52,2.51,6.23,4.87
UYFINCORP,53.61,10.53,4.38,2.44
V2RETAIL,35.11,20.78,16.8,2.1
VADILALIND,53.88,8.11,6.3,6.61
VAIBHAVGBL,54.24,9.15,7.42,7.33
VAISHALI,55.26,13.94,4.13,9.12
VAKRANGEE,30.81,9.79,6.79,9.59
VALIANTLAB,40.28,12.51,8.28,8.63
VALIANTORG,48.18,5.47,9.61,1.03
VARDHACRLC,38.71,4.76,7.06,2.72
VARDMNPOLY,54.6,4.61,8.92,7.22
VARROC,46.37,19.47,11.48,1.35
VASCONEQ,62.3,5.84,4.28,6.39
VASWANI,45.87,11.8,7.31,9.89
VBL,63.18,26.89,29.79,6.67
VCL,60.51,7.81,6.32,3.73
VEDL,42.81,26.86,19.19,5.0
VEEDOL,45.5,13.59,2.72,9.55
VELJAN,44.4,6.58,4.84,8.94
VENKEYS,38.51,3.63,5.95,7.14
VENTIVE,59.32,24.89,19.82,9.48
VENUSPIPES,48.13,4.02,5.04,5.49
VENUSREM,59.97,4.16,2.6,3.32
VERANDA,49.5,6.6,7.88,1.78
VERTOZ,30.77,14.47,4.61,7.1
VESUVIUS,62.81,22.06,14.65,4.45
VETO,54.71,14.91,9.97,4.62
VGL,45.51,6.98,8.12,4.53
VGUARD,45.01,10.97,7.62,9.43
VHL,64.2,4.78,3.8,3.58
VHLTD,53.78,2.83,8.23,1.72
VIDHIING,50.66,11.36,8.84,3.86
VIDYAWIRES,47.08,14.92,4.71,6.96
VIJAYA,64.04,17.38,11.98,6.48
VIJIFIN,64.2,13.73,3.06,9.93
VIKASECO,43.55,13.35,2.42,6.91
VIKASLIFE,45.14,4.71,3.19,1.93
VIKRAMSOLR,24.32,18.77,15.41,6.43
VIKRAN,41.83,8.61,9.54,8.15
VIMTALABS,48.58,7.04,6.35,1.16
VINATIORGA,52.17,20.52,16.93,4.71
VINCOFE,50.72,6.7,5.09,0.77
VINDHYATEL,43.69,3.31,7.3,3.98
VINEETLAB,44.1,3.47,7.65,9.54
VINNY,50.3,3.8,2.09,8.7
VINYLINDIA,58.49,13.33,1.44,0.31
VIPCLOTHNG,58.7,4.53,8.56,6.16
VIPIND,45.73,14.83,2.23,3.22
VIPULLTD,54.01,8.39,8.06,5.08
VIRINCHI,30.38,14.24,4.18,5.64
VISAKAIND,57.44,12.18,8.21,4.34
VISASTEEL,53.06,10.73,9.9,5.48
VISHNU,42.26,13.75,5.42,3.67
VISHWARAJ,59.53,6.32,4.46,5.55
VITAL,42.43,10.27,4.22,7.14
VIVIDHA,55.13,14.74,3.41,1.73
VIVIMEDLAB,58.08,13.91,8.02,2.61
VIYASH,52.45,20.86,9.81,7.3
VLEGOV,20.45,9.34,4.82,4.17
VLSFINANCE,47.94,3.81,3.18,9.59
VMART,60.73,13.54,9.99,2.2
VMM,51.23,21.95,18.81,7.55
VMSTMT,45.09,2.44,5.4,1.28
VOLTAMP,37.48,14.0,19.46,0.43
VOLTAS,38.42,25.26,14.21,9.78
VPRPL,48.91,5.94,5.79,2.37
VRAJ,48.94,6.26,9.95,6.41
VRLLOG,48.22,5.58,5.01,5.6
VSSL,51.07,3.62,7.42,4.2
VSTIND,49.9,9.7,1.51,0.33
VSTL,56.88,11.06,7.2,1.99
VSTTILLERS,36.83,10.15,4.13,5.17
VTL,57.35,17.79,10.68,2.98
WAAREEENER,33.72,43.16,25.2,4.08
WAAREEINDO,34.08,10.66,3.69,2.05
WAAREERTL,21.58,17.55,17.71,3.17
WABAG,38.64,22.25,16.1,2.25
WAKEFIT,60.48,4.82,2.53,1.57
WALCHANNAG,55.97,2.53,5.52,1.2
WANBURY,43.65,3.2,4.82,4.4
WCIL,45.48,14.99,4.51,2.69
WEALTH,58.1,6.55,3.41,7.9
WEBELSOLAR,19.68,11.71,9.06,5.11
WEIZMANIND,40.8,4.87,4.14,2.19
WEL,46.05,5.24,6.88,1.16
WELCORP,37.85,28.17,17.8,2.13
WELENT,36.9,12.45,13.77,0.07
WELINV,52.66,5.46,7.06,1.55
WELSPLSOL,58.83,12.75,3.11,0.69
WELSPUNLIV,58.18,21.73,8.07,2.95
WENDT,59.91,6.1,6.02,9.29
WESTLIFE,52.85,14.64,8.13,2.88
WEWIN,32.13,6.44,6.45,5.0
WEWORK,36.68,20.55,15.6,8.37
WHEELS,60.18,2.4,9.46,4.82
WHIRLPOOL,61.6,23.97,13.28,3.99
WILLAMAGOR,56.64,11.47,4.38,6.74
WIMPLAST,59.54,11.81,1.85,9.27
WINDLAS,55.2,11.49,2.43,7.49
WINDMACHIN,45.21,11.15,8.94,9.76
WINSOME,37.03,9.15,9.25,8.26
WIPL,39.59,7.97,5.71,3.98
WIPRO,17.43,23.45,22.19,4.78
WOCKPHARMA,50.76,42.42,17.31,9.63
WONDERLA,50.97,13.5,8.61,7.7
WORTHPERI,63.22,7.46,1.64,1.24
WPIL,40.3,4.83,3.5,8.61
WSI,48.05,9.03,2.46,7.04
WSTCSTPAPR,35.49,11.48,1.34,6.41
XCHANGING,24.95,5.65,6.74,4.24
XELPMOC,21.09,9.51,3.23,0.06
XPROINDIA,45.28,2.86,9.52,9.89
XTGLOBAL,20.24,12.28,8.56,4.44
YASHO,62.07,12.48,7.99,8.42
YATHARTH,38.06,14.04,16.91,4.43
YATRA,44.86,12.29,5.57,8.72
YESBANK,21.7,38.19,19.44,6.34
YUKEN,57.96,14.58,2.34,8.0
ZAGGLE,11.06,6.37,1.39,5.52
ZEEL,62.42,19.4,16.68,0.42
ZEELEARN,56.0,2.12,5.5,0.37
ZEEMEDIA,57.2,5.55,8.53,2.49
ZENITHEXPO,64.47,14.76,6.83,1.89
ZENITHSTL,36.94,11.36,9.47,7.85
ZENSARTECH,31.42,15.98,14.75,4.73
ZENTEC,56.55,18.32,7.99,7.7
ZFCVINDIA,42.78,25.42,25.78,6.69
ZFSTEERING,37.12,7.11,5.18,5.36
ZIMLAB,38.51,13.75,5.44,2.07
ZODIAC,36.14,10.78,1.43,3.67
ZODIACLOTH,63.0,9.87,4.38,0.79
ZOTA,37.15,6.52,6.12,3.31
ZSARACOM,39.71,3.79,9.98,7.87
ZUARI,37.56,13.63,8.82,2.77
ZUARIIND,50.03,7.48,5.81,2.21
ZYDUSLIFE,47.16,34.04,24.36,5.14
ZYDUSWELL,42.74,22.26,7.99,2.76
