SYMBOL,FETCH_DATE
20MICRONS.NS,2026-05-16
21STCENMGM.NS,2026-05-16
360ONE.NS,2026-05-16
3BBLACKBIO.NS,2026-05-16
3IINFOLTD.NS,2026-05-16
3MINDIA.NS,2026-05-16
3PLAND.NS,2026-05-16
5PAISA.NS,2026-05-16
63MOONS.NS,2026-05-16
A2ZINFRA.NS,2026-05-16
AAATECH.NS,2026-05-16
AADHARHFC.NS,2026-05-16
AAKASH.NS,2026-05-16
AAREYDRUGS.NS,2026-05-16
AARNAV.NS,2026-05-16
AARON.NS,2026-05-16
AARTECH.NS,2026-05-16
AARTIDRUGS.NS,2026-05-16
AARTIIND.NS,2026-05-16
AARTIPHARM.NS,2026-05-16
AARTISURF.NS,2026-05-16
AARVI.NS,2026-05-16
AAVAS.NS,2026-05-16
ABANSENT.NS,2026-05-16
ABB.NS,2026-05-16
ABBOTINDIA.NS,2026-05-16
ABCAPITAL.NS,2026-05-16
ABCOTS.NS,2026-05-16
ABDL.NS,2026-05-16
ABFRL.NS,2026-05-16
ABINFRA.NS,2026-05-16
ABLBL.NS,2026-05-16
ABMINTLLTD.NS,2026-05-16
ABMKNO.NS,2026-05-16
ABREL.NS,2026-05-16
ABSLAMC.NS,2026-05-16
ACC.NS,2026-05-16
ACCELYA.NS,2026-05-16
ACCURACY.NS,2026-05-16
ACE.NS,2026-05-16
ACEINTEG.NS,2026-05-16
ACI.NS,2026-05-16
ACL.NS,2026-05-16
ACMESOLAR.NS,2026-05-16
ACSTECH.NS,2026-05-16
ACUTAAS.NS,2026-05-16
ADANIENSOL.NS,2026-05-16
ADANIENT.NS,2026-05-16
ADANIGREEN.NS,2026-05-16
ADANIPORTS.NS,2026-05-16
ADANIPOWER.NS,2026-05-16
ADFFOODS.NS,2026-05-16
ADL.NS,2026-05-16
ADOR.NS,2026-05-16
ADROITINFO.NS,2026-05-16
ADSL.NS,2026-05-16
ADVAIT.NS,2026-05-16
ADVANCE.NS,2026-05-16
ADVANIHOTR.NS,2026-05-16
ADVENTHTL.NS,2026-05-16
ADVENZYMES.NS,2026-05-16
AEGISLOG.NS,2026-05-16
AEGISVOPAK.NS,2026-05-16
AEPL.NS,2026-05-16
AEQUS.NS,2026-05-16
AEROENTER.NS,2026-05-16
AEROFLEX.NS,2026-05-16
AERONEU.NS,2026-05-16
AETHER.NS,2026-05-16
AFCONS.NS,2026-05-16
AFFLE.NS,2026-05-16
AFFORDABLE.NS,2026-05-16
AFIL.NS,2026-05-16
AFSL.NS,2026-05-16
AGARIND.NS,2026-05-16
AGARWALEYE.NS,2026-05-16
AGI.NS,2026-05-16
AGIIL.NS,2026-05-16
AGRITECH.NS,2026-05-16
AGROPHOS.NS,2026-05-16
AHCL.NS,2026-05-16
AHLADA.NS,2026-05-16
AHLEAST.NS,2026-05-16
AHLUCONT.NS,2026-05-16
AHLWEST.NS,2026-05-16
AIAENG.NS,2026-05-16
AIIL.NS,2026-05-16
AIRAN.NS,2026-05-16
AIROLAM.NS,2026-05-16
AJANTPHARM.NS,2026-05-16
AJAXENGG.NS,2026-05-16
AJMERA.NS,2026-05-16
AJOONI.NS,2026-05-16
AKASH.NS,2026-05-16
AKCAPIT.NS,2026-05-16
AKG.NS,2026-05-16
AKI.NS,2026-05-16
AKSHAR.NS,2026-05-16
AKSHARCHEM.NS,2026-05-16
AKSHOPTFBR.NS,2026-05-16
AKUMS.NS,2026-05-16
ALANKIT.NS,2026-05-16
ALBERTDAVD.NS,2026-05-16
ALEMBICLTD.NS,2026-05-16
ALGOQUANT.NS,2026-05-16
ALICON.NS,2026-05-16
ALIVUS.NS,2026-05-16
ALKALI.NS,2026-05-16
ALKEM.NS,2026-05-16
ALKYLAMINE.NS,2026-05-16
ALLCARGO.NS,2026-05-16
ALLDIGI.NS,2026-05-16
ALLTIME.NS,2026-05-16
ALMONDZ.NS,2026-05-16
ALOKINDS.NS,2026-05-16
ALPA.NS,2026-05-16
ALPHAGEO.NS,2026-05-16
AMAGI.NS,2026-05-16
AMANTA.NS,2026-05-16
AMBALALSA.NS,2026-05-16
AMBER.NS,2026-05-16
AMBICAAGAR.NS,2026-05-16
AMBIKCO.NS,2026-05-16
AMBUJACEM.NS,2026-05-16
AMDIND.NS,2026-05-16
AMIRCHAND.NS,2026-05-16
AMJLAND.NS,2026-05-16
AMNPLST.NS,2026-05-16
AMRUTANJAN.NS,2026-05-16
ANANDRATHI.NS,2026-05-16
ANANTRAJ.NS,2026-05-16
ANDHRAPAP.NS,2026-05-16
ANDHRSUGAR.NS,2026-05-16
ANGELONE.NS,2026-05-16
ANIKINDS.NS,2026-05-16
ANKITMETAL.NS,2026-05-16
ANMOL.NS,2026-05-16
ANSALAPI.NS,2026-05-16
ANTELOPUS.NS,2026-05-16
ANTGRAPHIC.NS,2026-05-16
ANTHEM.NS,2026-05-16
ANUHPHR.NS,2026-05-16
ANUP.NS,2026-05-16
ANURAS.NS,2026-05-16
APARINDS.NS,2026-05-16
APCL.NS,2026-05-16
APCOTEXIND.NS,2026-05-16
APEX.NS,2026-05-16
APLAPOLLO.NS,2026-05-16
APLLTD.NS,2026-05-16
APOLLO.NS,2026-05-16
APOLLOHOSP.NS,2026-05-16
APOLLOPIPE.NS,2026-05-16
APOLLOTYRE.NS,2026-05-16
APOLSINHOT.NS,2026-05-16
APTECHT.NS,2026-05-16
APTUS.NS,2026-05-16
AQYLON.NS,2026-05-16
ARCHIDPLY.NS,2026-05-16
ARCHIES.NS,2026-05-16
ARE&M.NS,2026-05-16
ARENTERP.NS,2026-05-16
ARFIN.NS,2026-05-16
ARIES.NS,2026-05-16
ARIHANT.NS,2026-05-16
ARIHANTCAP.NS,2026-05-16
ARIHANTSUP.NS,2026-05-16
ARIS.NS,2026-05-16
ARKADE.NS,2026-05-16
ARMANFIN.NS,2026-05-16
AROGRANITE.NS,2026-05-16
ARROWGREEN.NS,2026-05-16
ARSHIYA.NS,2026-05-16
ARSSBL.NS,2026-05-16
ARTEMISMED.NS,2026-05-16
ARTNIRMAN.NS,2026-05-16
ARVEE.NS,2026-05-16
ARVIND.NS,2026-05-16
ARVINDFASN.NS,2026-05-16
ARVSMART.NS,2026-05-16
ASAHIINDIA.NS,2026-05-16
ASAHISONG.NS,2026-05-16
ASAL.NS,2026-05-16
ASALCBR.NS,2026-05-16
ASHAPURMIN.NS,2026-05-16
ASHIANA.NS,2026-05-16
ASHIKA.NS,2026-05-16
ASHIMASYN.NS,2026-05-16
ASHOKA.NS,2026-05-16
ASHOKAMET.NS,2026-05-16
ASHOKLEY.NS,2026-05-16
ASIANENE.NS,2026-05-16
ASIANHOTNR.NS,2026-05-16
ASIANPAINT.NS,2026-05-16
ASIANTILES.NS,2026-05-16
ASKAUTOLTD.NS,2026-05-16
ASMS.NS,2026-05-16
ASPINWALL.NS,2026-05-16
ASTAR.NS,2026-05-16
ASTEC.NS,2026-05-16
ASTERDM.NS,2026-05-16
ASTRAL.NS,2026-05-16
ASTRAMICRO.NS,2026-05-16
ASTRAZEN.NS,2026-05-16
ASTRON.NS,2026-05-16
ATALREAL.NS,2026-05-16
ATAM.NS,2026-05-16
ATGL.NS,2026-05-16
ATHERENERG.NS,2026-05-16
ATL.NS,2026-05-16
ATLANTAA.NS,2026-05-16
ATLANTAELE.NS,2026-05-16
ATLASCYCLE.NS,2026-05-16
ATUL.NS,2026-05-16
ATULAUTO.NS,2026-05-16
AUBANK.NS,2026-05-16
AURIGROW.NS,2026-05-16
AURIONPRO.NS,2026-05-16
AUROPHARMA.NS,2026-05-16
AURUM.NS,2026-05-16
AUSOMENT.NS,2026-05-16
AUTOAXLES.NS,2026-05-16
AUTOIND.NS,2026-05-16
AVADHSUGAR.NS,2026-05-16
AVAILFC.NS,2026-05-16
AVALON.NS,2026-05-16
AVANTEL.NS,2026-05-16
AVANTIFEED.NS,2026-05-16
AVG.NS,2026-05-16
AVL.NS,2026-05-16
AVONMORE.NS,2026-05-16
AVROIND.NS,2026-05-16
AVTNPL.NS,2026-05-16
AWFIS.NS,2026-05-16
AWHCL.NS,2026-05-16
AWL.NS,2026-05-16
AXISBANK.NS,2026-05-16
AXISCADES.NS,2026-05-16
AXITA.NS,2026-05-16
AYE.NS,2026-05-16
AYMSYNTEX.NS,2026-05-16
AZAD.NS,2026-05-16
BAFNAPH.NS,2026-05-16
BAGFILMS.NS,2026-05-16
BAIDFIN.NS,2026-05-16
BAJAJ-AUTO.NS,2026-05-16
BAJAJCON.NS,2026-05-16
BAJAJELEC.NS,2026-05-16
BAJAJFINSV.NS,2026-05-16
BAJAJHCARE.NS,2026-05-16
BAJAJHFL.NS,2026-05-16
BAJAJHIND.NS,2026-05-16
BAJAJHLDNG.NS,2026-05-16
BAJAJINDEF.NS,2026-05-16
BAJAJST.NS,2026-05-16
BAJEL.NS,2026-05-16
BAJFINANCE.NS,2026-05-16
BALAJEE.NS,2026-05-16
BALAJITELE.NS,2026-05-16
BALAMINES.NS,2026-05-16
BALAXI.NS,2026-05-16
BALKRISHNA.NS,2026-05-16
BALKRISIND.NS,2026-05-16
BALMLAWRIE.NS,2026-05-16
BALPHARMA.NS,2026-05-16
BALRAMCHIN.NS,2026-05-16
BALUFORGE.NS,2026-05-16
BANARBEADS.NS,2026-05-16
BANARISUG.NS,2026-05-16
BANCOINDIA.NS,2026-05-16
BANDHANBNK.NS,2026-05-16
BANG.NS,2026-05-16
BANKA.NS,2026-05-16
BANKBARODA.NS,2026-05-16
BANKINDIA.NS,2026-05-16
BANSALWIRE.NS,2026-05-16
BANSWRAS.NS,2026-05-16
BASF.NS,2026-05-16
BASML.NS,2026-05-16
BATAINDIA.NS,2026-05-16
BATLIBOI.NS,2026-05-16
BAYERCROP.NS,2026-05-16
BBL.NS,2026-05-16
BBOX.NS,2026-05-16
BBTC.NS,2026-05-16
BBTCL.NS,2026-05-16
BCG.NS,2026-05-16
BCLIND.NS,2026-05-16
BCONCEPTS.NS,2026-05-16
BCPL.NS,2026-05-16
BDL.NS,2026-05-16
BEARDSELL.NS,2026-05-16
BECTORFOOD.NS,2026-05-16
BEDMUTHA.NS,2026-05-16
BEEKAY.NS,2026-05-16
BEL.NS,2026-05-16
BELLACASA.NS,2026-05-16
BELRISE.NS,2026-05-16
BEML.NS,2026-05-16
BENGALASM.NS,2026-05-16
BEPL.NS,2026-05-16
BERGEPAINT.NS,2026-05-16
BESTAGRO.NS,2026-05-16
BETA.NS,2026-05-16
BFINVEST.NS,2026-05-16
BFUTILITIE.NS,2026-05-16
BGRENERGY.NS,2026-05-16
BHAGCHEM.NS,2026-05-16
BHAGERIA.NS,2026-05-16
BHAGYANGR.NS,2026-05-16
BHANDARI.NS,2026-05-16
BHARATCOAL.NS,2026-05-16
BHARATFORG.NS,2026-05-16
BHARATGEAR.NS,2026-05-16
BHARATRAS.NS,2026-05-16
BHARATSE.NS,2026-05-16
BHARATWIRE.NS,2026-05-16
BHARTIARTL.NS,2026-05-16
BHARTIHEXA.NS,2026-05-16
BHEL.NS,2026-05-16
BI.NS,2026-05-16
BIGBLOC.NS,2026-05-16
BIKAJI.NS,2026-05-16
BIL.NS,2026-05-16
BIMETAL.NS,2026-05-16
BIOCON.NS,2026-05-16
BIOFILCHEM.NS,2026-05-16
BIRLACABLE.NS,2026-05-16
BIRLACORPN.NS,2026-05-16
BIRLAMONEY.NS,2026-05-16
BIRLANU.NS,2026-05-16
BIRLAPREC.NS,2026-05-16
BLACKBUCK.NS,2026-05-16
BLACKROSE.NS,2026-05-16
BLAL.NS,2026-05-16
BLBLIMITED.NS,2026-05-16
BLIL.NS,2026-05-16
BLISSGVS.NS,2026-05-16
BLKASHYAP.NS,2026-05-16
BLS.NS,2026-05-16
BLSE.NS,2026-05-16
BLUECHIP.NS,2026-05-16
BLUECOAST.NS,2026-05-16
BLUEDART.NS,2026-05-16
BLUEJET.NS,2026-05-16
BLUESTARCO.NS,2026-05-16
BLUESTONE.NS,2026-05-16
BLUSPRING.NS,2026-05-16
BMWVENTLTD.NS,2026-05-16
BNAGROCHEM.NS,2026-05-16
BNALTD.NS,2026-05-16
BODALCHEM.NS,2026-05-16
BOHRAIND.NS,2026-05-16
BOMDYEING.NS,2026-05-16
BONLON.NS,2026-05-16
BORANA.NS,2026-05-16
BOROLTD.NS,2026-05-16
BORORENEW.NS,2026-05-16
BOROSCI.NS,2026-05-16
BOSCH-HCIL.NS,2026-05-16
BOSCHLTD.NS,2026-05-16
BPCL.NS,2026-05-16
BPL.NS,2026-05-16
BRIGADE.NS,2026-05-16
BRIGHOTEL.NS,2026-05-16
BRITANNIA.NS,2026-05-16
BRNL.NS,2026-05-16
BROOKS.NS,2026-05-16
BSE.NS,2026-05-16
BSHSL.NS,2026-05-16
BSL.NS,2026-05-16
BSOFT.NS,2026-05-16
BTML.NS,2026-05-16
BTTL.NS,2026-05-16
BUILDPRO.NS,2026-05-16
BUTTERFLY.NS,2026-05-16
BVCL.NS,2026-05-16
BYKE.NS,2026-05-16
CALSOFT.NS,2026-05-16
CAMLINFINE.NS,2026-05-16
CAMPUS.NS,2026-05-16
CAMS.NS,2026-05-16
CANBK.NS,2026-05-16
CANFINHOME.NS,2026-05-16
CANHLIFE.NS,2026-05-16
CANTABIL.NS,2026-05-16
CAPACITE.NS,2026-05-16
CAPILLARY.NS,2026-05-16
CAPITALSFB.NS,2026-05-16
CAPLIPOINT.NS,2026-05-16
CAPTRUST.NS,2026-05-16
CARBORUNIV.NS,2026-05-16
CARERATING.NS,2026-05-16
CARRARO.NS,2026-05-16
CARTRADE.NS,2026-05-16
CARYSIL.NS,2026-05-16
CASTROLIND.NS,2026-05-16
CCAVENUE.NS,2026-05-16
CCCL.NS,2026-05-16
CCHHL.NS,2026-05-16
CCL.NS,2026-05-16
CDSL.NS,2026-05-16
CEATLTD.NS,2026-05-16
CEIGALL.NS,2026-05-16
CEINSYS.NS,2026-05-16
CELEBRITY.NS,2026-05-16
CELLO.NS,2026-05-16
CEMPRO.NS,2026-05-16
CENTENKA.NS,2026-05-16
CENTEXT.NS,2026-05-16
CENTRALBK.NS,2026-05-16
CENTRUM.NS,2026-05-16
CENTUM.NS,2026-05-16
CENTURYPLY.NS,2026-05-16
CERA.NS,2026-05-16
CEREBRAINT.NS,2026-05-16
CESC.NS,2026-05-16
CEWATER.NS,2026-05-16
CGCL.NS,2026-05-16
CGPOWER.NS,2026-05-16
CHALET.NS,2026-05-16
CHAMBLFERT.NS,2026-05-16
CHEMBOND.NS,2026-05-16
CHEMBONDCH.NS,2026-05-16
CHEMCON.NS,2026-05-16
CHEMFAB.NS,2026-05-16
CHEMPLASTS.NS,2026-05-16
CHENNPETRO.NS,2026-05-16
CHEVIOT.NS,2026-05-16
CHOICEIN.NS,2026-05-16
CHOLAFIN.NS,2026-05-16
CHOLAHLDNG.NS,2026-05-16
CIEINDIA.NS,2026-05-16
CIFL.NS,2026-05-16
CINELINE.NS,2026-05-16
CINEVISTA.NS,2026-05-16
CIPLA.NS,2026-05-16
CLEAN.NS,2026-05-16
CLEANMAX.NS,2026-05-16
CLEDUCATE.NS,2026-05-16
CLSEL.NS,2026-05-16
CMPDI.NS,2026-05-16
CMSINFO.NS,2026-05-16
CNL.NS,2026-05-16
COALINDIA.NS,2026-05-16
COASTCORP.NS,2026-05-16
COCHINSHIP.NS,2026-05-16
COCKERILL.NS,2026-05-16
COFFEEDAY.NS,2026-05-16
COFORGE.NS,2026-05-16
COHANCE.NS,2026-05-16
COLPAL.NS,2026-05-16
COMFINTE.NS,2026-05-16
COMPINFO.NS,2026-05-16
COMPUSOFT.NS,2026-05-16
COMSYN.NS,2026-05-16
CONCOR.NS,2026-05-16
CONCORDBIO.NS,2026-05-16
CONFIPET.NS,2026-05-16
CONSOFINVT.NS,2026-05-16
CONTROLPR.NS,2026-05-16
CORALFINAC.NS,2026-05-16
CORDSCABLE.NS,2026-05-16
COROMANDEL.NS,2026-05-16
CORONA.NS,2026-05-16
COSMOFIRST.NS,2026-05-16
COUNCODOS.NS,2026-05-16
CPCAP.NS,2026-05-16
CPEDU.NS,2026-05-16
CPPLUS.NS,2026-05-16
CRAFTSMAN.NS,2026-05-16
CRAMC.NS,2026-05-16
CREATIVEYE.NS,2026-05-16
CREDITACC.NS,2026-05-16
CREST.NS,2026-05-16
CRISIL.NS,2026-05-16
CRIZAC.NS,2026-05-16
CROMPTON.NS,2026-05-16
CROWN.NS,2026-05-16
CSBBANK.NS,2026-05-16
CSLFINANCE.NS,2026-05-16
CTE.NS,2026-05-16
CUB.NS,2026-05-16
CUBEXTUB.NS,2026-05-16
CUMMINSIND.NS,2026-05-16
CUPID.NS,2026-05-16
CURAA.NS,2026-05-16
CYBERMEDIA.NS,2026-05-16
CYBERTECH.NS,2026-05-16
CYIENT.NS,2026-05-16
CYIENTDLM.NS,2026-05-16
DABUR.NS,2026-05-16
DAICHI.NS,2026-05-16
DALBHARAT.NS,2026-05-16
DALMIASUG.NS,2026-05-16
DAMCAPITAL.NS,2026-05-16
DAMODARIND.NS,2026-05-16
DANGEE.NS,2026-05-16
DATAMATICS.NS,2026-05-16
DATAPATTNS.NS,2026-05-16
DAVANGERE.NS,2026-05-16
DBCORP.NS,2026-05-16
DBEIL.NS,2026-05-16
DBL.NS,2026-05-16
DBOL.NS,2026-05-16
DBREALTY.NS,2026-05-16
DBSTOCKBRO.NS,2026-05-16
DCAL.NS,2026-05-16
DCBBANK.NS,2026-05-16
DCI.NS,2026-05-16
DCM.NS,2026-05-16
DCMFINSERV.NS,2026-05-16
DCMNVL.NS,2026-05-16
DCMSHRIRAM.NS,2026-05-16
DCMSIL.NS,2026-05-16
DCMSRIND.NS,2026-05-16
DCW.NS,2026-05-16
DCXINDIA.NS,2026-05-16
DDEVPLSTIK.NS,2026-05-16
DECCANCE.NS,2026-05-16
DECNGOLD.NS,2026-05-16
DEEDEV.NS,2026-05-16
DEEPAKFERT.NS,2026-05-16
DEEPAKNTR.NS,2026-05-16
DEEPINDS.NS,2026-05-16
DELHIVERY.NS,2026-05-16
DELPHIFX.NS,2026-05-16
DELTACORP.NS,2026-05-16
DELTAMAGNT.NS,2026-05-16
DEN.NS,2026-05-16
DENORA.NS,2026-05-16
DENTA.NS,2026-05-16
DEVIT.NS,2026-05-16
DEVX.NS,2026-05-16
DEVYANI.NS,2026-05-16
DGCONTENT.NS,2026-05-16
DHAMPURSUG.NS,2026-05-16
DHANBANK.NS,2026-05-16
DHANUKA.NS,2026-05-16
DHARMAJ.NS,2026-05-16
DHRUV.NS,2026-05-16
DHUNINV.NS,2026-05-16
DIACABS.NS,2026-05-16
DIAMINESQ.NS,2026-05-16
DIAMONDYD.NS,2026-05-16
DICIND.NS,2026-05-16
DIFFNKG.NS,2026-05-16
DIGIDRIVE.NS,2026-05-16
DIGISPICE.NS,2026-05-16
DIGITIDE.NS,2026-05-16
DIGJAMLMTD.NS,2026-05-16
DISAQ.NS,2026-05-16
DISHTV.NS,2026-05-16
DIVGIITTS.NS,2026-05-16
DIVISLAB.NS,2026-05-16
DIXON.NS,2026-05-16
DJML.NS,2026-05-16
DLF.NS,2026-05-16
DLINKINDIA.NS,2026-05-16
DMART.NS,2026-05-16
DMCC.NS,2026-05-16
DNAMEDIA.NS,2026-05-16
DODLA.NS,2026-05-16
DOLATALGO.NS,2026-05-16
DOLLAR.NS,2026-05-16
DOLPHIN.NS,2026-05-16
DOMS.NS,2026-05-16
DONEAR.NS,2026-05-16
DPABHUSHAN.NS,2026-05-16
DPSCLTD.NS,2026-05-16
DPWIRES.NS,2026-05-16
DRAGARWQ.NS,2026-05-16
DRCSYSTEMS.NS,2026-05-16
DREAMFOLKS.NS,2026-05-16
DREDGECORP.NS,2026-05-16
DRREDDY.NS,2026-05-16
DSFCL.NS,2026-05-16
DSSL.NS,2026-05-16
DTIL.NS,2026-05-16
DUCON.NS,2026-05-16
DVL.NS,2026-05-16
DWARKESH.NS,2026-05-16
DYCL.NS,2026-05-16
DYNAMATECH.NS,2026-05-16
DYNPRO.NS,2026-05-16
E2E.NS,2026-05-16
EASEMYTRIP.NS,2026-05-16
EASTSILK.NS,2026-05-16
EBGNG.NS,2026-05-16
ECLERX.NS,2026-05-16
ECOSMOBLTY.NS,2026-05-16
EDELWEISS.NS,2026-05-16
EFCIL.NS,2026-05-16
EFCIL-RE.NS,2026-05-16
EICHERMOT.NS,2026-05-16
EIDPARRY.NS,2026-05-16
EIEL.NS,2026-05-16
EIFFL.NS,2026-05-16
EIHAHOTELS.NS,2026-05-16
EIHOTEL.NS,2026-05-16
EIMCOELECO.NS,2026-05-16
EKC.NS,2026-05-16
ELANTAS.NS,2026-05-16
ELCIDIN.NS,2026-05-16
ELDEHSG.NS,2026-05-16
ELECON.NS,2026-05-16
ELECTCAST.NS,2026-05-16
ELECTHERM.NS,2026-05-16
ELGIEQUIP.NS,2026-05-16
ELGIRUBCO.NS,2026-05-16
ELIN.NS,2026-05-16
ELITECON.NS,2026-05-16
ELLEN.NS,2026-05-16
ELPROINTL.NS,2026-05-16
EMAMILTD.NS,2026-05-16
EMAMIPAP.NS,2026-05-16
EMAMIREAL.NS,2026-05-16
EMBDL.NS,2026-05-16
EMCURE.NS,2026-05-16
EMIL.NS,2026-05-16
EMKAY.NS,2026-05-16
EMMBI.NS,2026-05-16
EMMVEE.NS,2026-05-16
EMPOWER.NS,2026-05-16
EMSLIMITED.NS,2026-05-16
EMUDHRA.NS,2026-05-16
ENDURANCE.NS,2026-05-16
ENERGYDEV.NS,2026-05-16
ENGINERSIN.NS,2026-05-16
ENIL.NS,2026-05-16
ENRIN.NS,2026-05-16
ENTERO.NS,2026-05-16
EPACK.NS,2026-05-16
EPACKPEB.NS,2026-05-16
EPIGRAL.NS,2026-05-16
EPL.NS,2026-05-16
EQUIPPP.NS,2026-05-16
EQUITASBNK.NS,2026-05-16
ERIS.NS,2026-05-16
ESABINDIA.NS,2026-05-16
ESAFSFB.NS,2026-05-16
ESCORTS.NS,2026-05-16
ESSARSHPNG.NS,2026-05-16
ESSENTIA.NS,2026-05-16
ESTER.NS,2026-05-16
ETERNAL.NS,2026-05-16
ETHOSLTD.NS,2026-05-16
EUREKAFORB.NS,2026-05-16
EUROBOND.NS,2026-05-16
EUROPRATIK.NS,2026-05-16
EUROTEXIND.NS,2026-05-16
EVEREADY.NS,2026-05-16
EVERESTIND.NS,2026-05-16
EXCELINDUS.NS,2026-05-16
EXCELSOFT.NS,2026-05-16
EXICOM.NS,2026-05-16
EXIDEIND.NS,2026-05-16
EXPLEOSOL.NS,2026-05-16
EXXARO.NS,2026-05-16
FABTECH.NS,2026-05-16
FACT.NS,2026-05-16
FAIRCHEMOR.NS,2026-05-16
FAZE3Q.NS,2026-05-16
FCL.NS,2026-05-16
FCSSOFT.NS,2026-05-16
FDC.NS,2026-05-16
FEDDERSHOL.NS,2026-05-16
FEDERALBNK.NS,2026-05-16
FEDFINA.NS,2026-05-16
FEL.NS,2026-05-16
FELDVR.NS,2026-05-16
FERMENTA.NS,2026-05-16
FIBERWEB.NS,2026-05-16
FIEMIND.NS,2026-05-16
FILATEX.NS,2026-05-16
FILATFASH.NS,2026-05-16
FINCABLES.NS,2026-05-16
FINEORG.NS,2026-05-16
FINKURVE.NS,2026-05-16
FINOPB.NS,2026-05-16
FINPIPE.NS,2026-05-16
FIRSTCRY.NS,2026-05-16
FISCHER.NS,2026-05-16
FIVESTAR.NS,2026-05-16
FLAIR.NS,2026-05-16
FLEXITUFF.NS,2026-05-16
FLFL.NS,2026-05-16
FLUOROCHEM.NS,2026-05-16
FMGOETZE.NS,2026-05-16
FMNL.NS,2026-05-16
FOCUS.NS,2026-05-16
FOODSIN.NS,2026-05-16
FORCEMOT.NS,2026-05-16
FORTIS.NS,2026-05-16
FOSECOIND.NS,2026-05-16
FRACTAL.NS,2026-05-16
FRONTSP.NS,2026-05-16
FSL.NS,2026-05-16
FUSION.NS,2026-05-16
GABRIEL.NS,2026-05-16
GAEL.NS,2026-05-16
GAIL.NS,2026-05-16
GALAPREC.NS,2026-05-16
GALAXYSURF.NS,2026-05-16
GALLANTT.NS,2026-05-16
GANDHAR.NS,2026-05-16
GANDHITUBE.NS,2026-05-16
GANECOS.NS,2026-05-16
GANESHBE.NS,2026-05-16
GANESHCP.NS,2026-05-16
GANESHHOU.NS,2026-05-16
GANGAFORGE.NS,2026-05-16
GANGESSECU.NS,2026-05-16
GARFIBRES.NS,2026-05-16
GARUDA.NS,2026-05-16
GATECH.NS,2026-05-16
GATECHDVR.NS,2026-05-16
GATEWAY.NS,2026-05-16
GAUDIUMIVF.NS,2026-05-16
GAYAHWS.NS,2026-05-16
GAYAPROJ.NS,2026-05-16
GCSL.NS,2026-05-16
GEECEE.NS,2026-05-16
GEEKAYWIRE.NS,2026-05-16
GEMAROMA.NS,2026-05-16
GENCON.NS,2026-05-16
GENESYS.NS,2026-05-16
GENUSPAPER.NS,2026-05-16
GENUSPOWER.NS,2026-05-16
GEOJITFSL.NS,2026-05-16
GESHIP.NS,2026-05-16
GFLLIMITED.NS,2026-05-16
GHCL.NS,2026-05-16
GHCLTEXTIL.NS,2026-05-16
GICHSGFIN.NS,2026-05-16
GICL.NS,2026-05-16
GICRE.NS,2026-05-16
GILLANDERS.NS,2026-05-16
GILLETTE.NS,2026-05-16
GINNIFILA.NS,2026-05-16
GIPCL.NS,2026-05-16
GKENERGY.NS,2026-05-16
GKSL.NS,2026-05-16
GKWLIMITED.NS,2026-05-16
GLAND.NS,2026-05-16
GLAXO.NS,2026-05-16
GLENMARK.NS,2026-05-16
GLFL.NS,2026-05-16
GLOBAL.NS,2026-05-16
GLOBALE.NS,2026-05-16
GLOBALVECT.NS,2026-05-16
GLOBE.NS,2026-05-16
GLOBECIVIL.NS,2026-05-16
GLOBUSSPR.NS,2026-05-16
GLOSTERLTD.NS,2026-05-16
GLOTTIS.NS,2026-05-16
GMBREW.NS,2026-05-16
GMDCLTD.NS,2026-05-16
GMMPFAUDLR.NS,2026-05-16
GMRAIRPORT.NS,2026-05-16
GMRP&UI.NS,2026-05-16
GNA.NS,2026-05-16
GNFC.NS,2026-05-16
GNRL.NS,2026-05-16
GOACARBON.NS,2026-05-16
GOCLCORP.NS,2026-05-16
GOCOLORS.NS,2026-05-16
GODAVARIB.NS,2026-05-16
GODFRYPHLP.NS,2026-05-16
GODIGIT.NS,2026-05-16
GODREJAGRO.NS,2026-05-16
GODREJCP.NS,2026-05-16
GODREJIND.NS,2026-05-16
GODREJPROP.NS,2026-05-16
GOKEX.NS,2026-05-16
GOKUL.NS,2026-05-16
GOKULAGRO.NS,2026-05-16
GOLDENTOBC.NS,2026-05-16
GOLDIAM.NS,2026-05-16
GOLDTECH.NS,2026-05-16
GOODLUCK.NS,2026-05-16
GOODYEAR.NS,2026-05-16
GOPAL.NS,2026-05-16
GOYALALUM.NS,2026-05-16
GPIL.NS,2026-05-16
GPPL.NS,2026-05-16
GPTHEALTH.NS,2026-05-16
GPTINFRA.NS,2026-05-16
GRADIENTE.NS,2026-05-16
GRANDOAK.NS,2026-05-16
GRANULES.NS,2026-05-16
GRAPHITE.NS,2026-05-16
GRASIM.NS,2026-05-16
GRAUWEIL.NS,2026-05-16
GRAVISSHO.NS,2026-05-16
GRAVITA.NS,2026-05-16
GREAVESCOT.NS,2026-05-16
GREENLAM.NS,2026-05-16
GREENPANEL.NS,2026-05-16
GREENPLY.NS,2026-05-16
GREENPOWER.NS,2026-05-16
GRINDWELL.NS,2026-05-16
GRINFRA.NS,2026-05-16
GRMOVER.NS,2026-05-16
GROBTEA.NS,2026-05-16
GROWW.NS,2026-05-16
GRPLTD.NS,2026-05-16
GRSE.NS,2026-05-16
GRWRHITECH.NS,2026-05-16
GSFC.NS,2026-05-16
GSLSU.NS,2026-05-16
GSPCROP.NS,2026-05-16
GSS.NS,2026-05-16
GTECJAINX.NS,2026-05-16
GTL.NS,2026-05-16
GTLINFRA.NS,2026-05-16
GTPL.NS,2026-05-16
GUFICBIO.NS,2026-05-16
GUJALKALI.NS,2026-05-16
GUJAPOLLO.NS,2026-05-16
GUJGASLTD.NS,2026-05-16
GUJRAFFIA.NS,2026-05-16
GUJTHEM.NS,2026-05-16
GULFOILLUB.NS,2026-05-16
GULFPETRO.NS,2026-05-16
GULPOLY.NS,2026-05-16
GVKPIL.NS,2026-05-16
GVPIL.NS,2026-05-16
GVPTECH.NS,2026-05-16
GVT&D.NS,2026-05-16
HAL.NS,2026-05-16
HALDER.NS,2026-05-16
HALDYNGL.NS,2026-05-16
HALEOSLABS.NS,2026-05-16
HAPPSTMNDS.NS,2026-05-16
HAPPYFORGE.NS,2026-05-16
HARDWYN.NS,2026-05-16
HARIOMPIPE.NS,2026-05-16
HARRMALAYA.NS,2026-05-16
HARSHA.NS,2026-05-16
HATHWAY.NS,2026-05-16
HATSUN.NS,2026-05-16
HAVELLS.NS,2026-05-16
HAVISHA.NS,2026-05-16
HAWKINCOOK.NS,2026-05-16
HBESD.NS,2026-05-16
HBLENGINE.NS,2026-05-16
HBSL.NS,2026-05-16
HCC.NS,2026-05-16
HCG.NS,2026-05-16
HCL-INSYS.NS,2026-05-16
HCLTECH.NS,2026-05-16
HDBFS.NS,2026-05-16
HDFCAMC.NS,2026-05-16
HDFCBANK.NS,2026-05-16
HDFCLIFE.NS,2026-05-16
HDIL.NS,2026-05-16
HEADSUP.NS,2026-05-16
HEALTHX.NS,2026-05-16
HECPROJECT.NS,2026-05-16
HEG.NS,2026-05-16
HEIDELBERG.NS,2026-05-16
HEMIPROP.NS,2026-05-16
HERANBA.NS,2026-05-16
HERITGFOOD.NS,2026-05-16
HEROMOTOCO.NS,2026-05-16
HESTERBIO.NS,2026-05-16
HEXATRADEX.NS,2026-05-16
HEXT.NS,2026-05-16
HFCL.NS,2026-05-16
HGINFRA.NS,2026-05-16
HGM.NS,2026-05-16
HGS.NS,2026-05-16
HIKAL.NS,2026-05-16
HILINFRA.NS,2026-05-16
HILTON.NS,2026-05-16
HIMATSEIDE.NS,2026-05-16
HINDALCO.NS,2026-05-16
HINDCOMPOS.NS,2026-05-16
HINDCON.NS,2026-05-16
HINDCOPPER.NS,2026-05-16
HINDOILEXP.NS,2026-05-16
HINDPETRO.NS,2026-05-16
HINDUNILVR.NS,2026-05-16
HINDWAREAP.NS,2026-05-16
HINDZINC.NS,2026-05-16
HIRECT.NS,2026-05-16
HISARMETAL.NS,2026-05-16
HITECH.NS,2026-05-16
HITECHCORP.NS,2026-05-16
HITECHGEAR.NS,2026-05-16
HLEGLAS.NS,2026-05-16
HLVLTD.NS,2026-05-16
HMAAGRO.NS,2026-05-16
HMT.NS,2026-05-16
HMVL.NS,2026-05-16
HNDFDS.NS,2026-05-16
HOMEFIRST.NS,2026-05-16
HONASA.NS,2026-05-16
HONAUT.NS,2026-05-16
HONDAPOWER.NS,2026-05-16
HPAL.NS,2026-05-16
HPIL.NS,2026-05-16
HPL.NS,2026-05-16
HSCL.NS,2026-05-16
HTMEDIA.NS,2026-05-16
HUBTOWN.NS,2026-05-16
HUDCO.NS,2026-05-16
HUHTAMAKI.NS,2026-05-16
HYBRIDFIN.NS,2026-05-16
HYUNDAI.NS,2026-05-16
IBULLSLTD.NS,2026-05-16
ICDSLTD.NS,2026-05-16
ICEMAKE.NS,2026-05-16
ICICIAMC.NS,2026-05-16
ICICIBANK.NS,2026-05-16
ICICIGI.NS,2026-05-16
ICICIPRULI.NS,2026-05-16
ICIL.NS,2026-05-16
ICRA.NS,2026-05-16
IDBI.NS,2026-05-16
IDEA.NS,2026-05-16
IDEAFORGE.NS,2026-05-16
IDFCFIRSTB.NS,2026-05-16
IEX.NS,2026-05-16
IFBAGRO.NS,2026-05-16
IFBIND.NS,2026-05-16
IFCI.NS,2026-05-16
IFGLEXPOR.NS,2026-05-16
IGARASHI.NS,2026-05-16
IGCL.NS,2026-05-16
IGIL.NS,2026-05-16
IGL.NS,2026-05-16
IGPL.NS,2026-05-16
IIFL.NS,2026-05-16
IIFLCAPS.NS,2026-05-16
IITL.NS,2026-05-16
IKIO.NS,2026-05-16
IKS.NS,2026-05-16
IL&FSENGG.NS,2026-05-16
IL&FSTRANS.NS,2026-05-16
IMAGICAA.NS,2026-05-16
IMFA.NS,2026-05-16
IMPAL.NS,2026-05-16
IMPEXFERRO.NS,2026-05-16
INA.NS,2026-05-16
INCREDIBLE.NS,2026-05-16
INDBANK.NS,2026-05-16
INDGN.NS,2026-05-16
INDHOTEL.NS,2026-05-16
INDIACEM.NS,2026-05-16
INDIAGLYCO.NS,2026-05-16
INDIAMART.NS,2026-05-16
INDIANB.NS,2026-05-16
INDIANCARD.NS,2026-05-16
INDIANHUME.NS,2026-05-16
INDIASHLTR.NS,2026-05-16
INDIGO.NS,2026-05-16
INDIGOPNTS.NS,2026-05-16
INDIQUBE.NS,2026-05-16
INDNIPPON.NS,2026-05-16
INDOAMIN.NS,2026-05-16
INDOBORAX.NS,2026-05-16
INDOCO.NS,2026-05-16
INDOFARM.NS,2026-05-16
INDORAMA.NS,2026-05-16
INDOSTAR.NS,2026-05-16
INDOTECH.NS,2026-05-16
INDOTHAI.NS,2026-05-16
INDOUS.NS,2026-05-16
INDOWIND.NS,2026-05-16
INDPRUD.NS,2026-05-16
INDRAMEDCO.NS,2026-05-16
INDSWFTLAB.NS,2026-05-16
INDTERRAIN.NS,2026-05-16
INDUSINDBK.NS,2026-05-16
INDUSTOWER.NS,2026-05-16
INFOBEAN.NS,2026-05-16
INFOMEDIA.NS,2026-05-16
INFY.NS,2026-05-16
INGERRAND.NS,2026-05-16
INNOVACAP.NS,2026-05-16
INNOVANA.NS,2026-05-16
INNOVISION.NS,2026-05-16
INOXGREEN.NS,2026-05-16
INOXINDIA.NS,2026-05-16
INOXWIND.NS,2026-05-16
INSECTICID.NS,2026-05-16
INSPIRISYS.NS,2026-05-16
INTELLECT.NS,2026-05-16
INTENTECH.NS,2026-05-16
INTERARCH.NS,2026-05-16
INTLCONV.NS,2026-05-16
INVENTURE.NS,2026-05-16
INVPRECQ.NS,2026-05-16
IOB.NS,2026-05-16
IOC.NS,2026-05-16
IOLCP.NS,2026-05-16
IONEXCHANG.NS,2026-05-16
IPCALAB.NS,2026-05-16
IPL.NS,2026-05-16
IRB.NS,2026-05-16
IRCON.NS,2026-05-16
IRCTC.NS,2026-05-16
IREDA.NS,2026-05-16
IRFC.NS,2026-05-16
IRIS.NS,2026-05-16
IRISDOREME.NS,2026-05-16
IRMENERGY.NS,2026-05-16
ISFT.NS,2026-05-16
ISGEC.NS,2026-05-16
ISHANCH.NS,2026-05-16
ITC.NS,2026-05-16
ITCHOTELS.NS,2026-05-16
ITDC.NS,2026-05-16
ITI.NS,2026-05-16
IVALUE.NS,2026-05-16
IVC.NS,2026-05-16
IVP.NS,2026-05-16
IWP.NS,2026-05-16
IXIGO.NS,2026-05-16
IZMO.NS,2026-05-16
J&KBANK.NS,2026-05-16
JAGRAN.NS,2026-05-16
JAGSNPHARM.NS,2026-05-16
JAIBALAJI.NS,2026-05-16
JAICORPLTD.NS,2026-05-16
JAINREC.NS,2026-05-16
JAIPURKURT.NS,2026-05-16
JAMNAAUTO.NS,2026-05-16
JARO.NS,2026-05-16
JASH.NS,2026-05-16
JAYAGROGN.NS,2026-05-16
JAYBARMARU.NS,2026-05-16
JAYKAY.NS,2026-05-16
JAYNECOIND.NS,2026-05-16
JAYSREETEA.NS,2026-05-16
JBCHEPHARM.NS,2026-05-16
JBMA.NS,2026-05-16
JETFREIGHT.NS,2026-05-16
JGCHEM.NS,2026-05-16
JHS.NS,2026-05-16
JINDALPHOT.NS,2026-05-16
JINDALPOLY.NS,2026-05-16
JINDALSAW.NS,2026-05-16
JINDALSTEL.NS,2026-05-16
JINDRILL.NS,2026-05-16
JINDWORLD.NS,2026-05-16
JIOFIN.NS,2026-05-16
JISLDVREQS.NS,2026-05-16
JISLJALEQS.NS,2026-05-16
JITFINFRA.NS,2026-05-16
JKCEMENT.NS,2026-05-16
JKIL.NS,2026-05-16
JKIPL.NS,2026-05-16
JKLAKSHMI.NS,2026-05-16
JKPAPER.NS,2026-05-16
JKTYRE.NS,2026-05-16
JLHL.NS,2026-05-16
JMA.NS,2026-05-16
JMFINANCIL.NS,2026-05-16
JNKINDIA.NS,2026-05-16
JOCIL.NS,2026-05-16
JPOLYINVST.NS,2026-05-16
JPPOWER.NS,2026-05-16
JSFB.NS,2026-05-16
JSL.NS,2026-05-16
JSLL.NS,2026-05-16
JSWCEMENT.NS,2026-05-16
JSWDULUX.NS,2026-05-16
JSWENERGY.NS,2026-05-16
JSWHL.NS,2026-05-16
JSWINFRA.NS,2026-05-16
JSWSTEEL.NS,2026-05-16
JTEKTINDIA.NS,2026-05-16
JTLIND.NS,2026-05-16
JUBLCPL.NS,2026-05-16
JUBLFOOD.NS,2026-05-16
JUBLINGREA.NS,2026-05-16
JUBLPHARMA.NS,2026-05-16
JUNIPER.NS,2026-05-16
JUSTDIAL.NS,2026-05-16
JWL.NS,2026-05-16
JYOTHYLAB.NS,2026-05-16
JYOTICNC.NS,2026-05-16
JYOTISTRUC.NS,2026-05-16
KABRAEXTRU.NS,2026-05-16
KAJARIACER.NS,2026-05-16
KAKATCEM.NS,2026-05-16
KALAMANDIR.NS,2026-05-16
KALPATARU.NS,2026-05-16
KALYANI.NS,2026-05-16
KALYANIFRG.NS,2026-05-16
KALYANKJIL.NS,2026-05-16
KAMAHOLD.NS,2026-05-16
KAMATHOTEL.NS,2026-05-16
KAMDHENU.NS,2026-05-16
KAMOPAINTS.NS,2026-05-16
KANANIIND.NS,2026-05-16
KANCHI.NS,2026-05-16
KANORICHEM.NS,2026-05-16
KANPRPLA.NS,2026-05-16
KANSAINER.NS,2026-05-16
KAPSTON.NS,2026-05-16
KARMAENG.NS,2026-05-16
KARURVYSYA.NS,2026-05-16
KAUSHALYA.NS,2026-05-16
KAVDEFENCE.NS,2026-05-16
KAYA.NS,2026-05-16
KAYNES.NS,2026-05-16
KCP.NS,2026-05-16
KCPSUGIND.NS,2026-05-16
KDDL.NS,2026-05-16
KEC.NS,2026-05-16
KECL.NS,2026-05-16
KEEPLEARN.NS,2026-05-16
KEI.NS,2026-05-16
KELLTONTEC.NS,2026-05-16
KENNAMET.NS,2026-05-16
KERNEX.NS,2026-05-16
KESORAMIND.NS,2026-05-16
KEYFINSERV.NS,2026-05-16
KFINTECH.NS,2026-05-16
KHADIM.NS,2026-05-16
KHAICHEM.NS,2026-05-16
KHAITANLTD.NS,2026-05-16
KHANDSE.NS,2026-05-16
KICL.NS,2026-05-16
KILITCH.NS,2026-05-16
KIMS.NS,2026-05-16
KINGFA.NS,2026-05-16
KIOCL.NS,2026-05-16
KIRANVYPAR.NS,2026-05-16
KIRIINDUS.NS,2026-05-16
KIRLFER.NS,2026-05-16
KIRLOSBROS.NS,2026-05-16
KIRLOSENG.NS,2026-05-16
KIRLOSIND.NS,2026-05-16
KIRLPNU.NS,2026-05-16
KISSHT.NS,2026-05-16
KITEX.NS,2026-05-16
KKCL.NS,2026-05-16
KLBRENG-B.NS,2026-05-16
KMEW.NS,2026-05-16
KMSUGAR.NS,2026-05-16
KNAGRI.NS,2026-05-16
KNRCON.NS,2026-05-16
KOHINOOR.NS,2026-05-16
KOKUYOCMLN.NS,2026-05-16
KOLTEPATIL.NS,2026-05-16
KOPRAN.NS,2026-05-16
KOTAKBANK.NS,2026-05-16
KOTARISUG.NS,2026-05-16
KOTHARIPET.NS,2026-05-16
KOTHARIPRO.NS,2026-05-16
KOTIC.NS,2026-05-16
KOTYARK.NS,2026-05-16
KOVAI.NS,2026-05-16
KPEL.NS,2026-05-16
KPIGREEN.NS,2026-05-16
KPIL.NS,2026-05-16
KPITTECH.NS,2026-05-16
KPL.NS,2026-05-16
KPRMILL.NS,2026-05-16
KRBL.NS,2026-05-16
KREBSBIO.NS,2026-05-16
KRIDHANINF.NS,2026-05-16
KRISHANA.NS,2026-05-16
KRISHIVAL.NS,2026-05-16
KRISHNADEF.NS,2026-05-16
KRITI.NS,2026-05-16
KRITIKA.NS,2026-05-16
KRITINUT.NS,2026-05-16
KRN.NS,2026-05-16
KRONOX.NS,2026-05-16
KROSS.NS,2026-05-16
KRSNAA.NS,2026-05-16
KRYSTAL.NS,2026-05-16
KSB.NS,2026-05-16
KSCL.NS,2026-05-16
KSHINTL.NS,2026-05-16
KSHITIJPOL.NS,2026-05-16
KSL.NS,2026-05-16
KSOLVES.NS,2026-05-16
KSR.NS,2026-05-16
KTKBANK.NS,2026-05-16
KUANTUM.NS,2026-05-16
KWIL.NS,2026-05-16
LAGNAM.NS,2026-05-16
LAHOTIOV.NS,2026-05-16
LAKPRE.NS,2026-05-16
LAL.NS,2026-05-16
LALPATHLAB.NS,2026-05-16
LAMBODHARA.NS,2026-05-16
LANCORHOL.NS,2026-05-16
LANDMARK.NS,2026-05-16
LANDSMILL.NS,2026-05-16
LAOPALA.NS,2026-05-16
LASA.NS,2026-05-16
LATENTVIEW.NS,2026-05-16
LATTEYS.NS,2026-05-16
LAURUSLABS.NS,2026-05-16
LAXMICOT.NS,2026-05-16
LAXMIDENTL.NS,2026-05-16
LAXMIINDIA.NS,2026-05-16
LCCINFOTEC.NS,2026-05-16
LEMERITE.NS,2026-05-16
LEMONTREE.NS,2026-05-16
LENSKART.NS,2026-05-16
LEXUS.NS,2026-05-16
LFIC.NS,2026-05-16
LGBBROSLTD.NS,2026-05-16
LGEINDIA.NS,2026-05-16
LGHL.NS,2026-05-16
LIBAS.NS,2026-05-16
LIBERTSHOE.NS,2026-05-16
LICHSGFIN.NS,2026-05-16
LICI.NS,2026-05-16
LIKHITHA.NS,2026-05-16
LINC.NS,2026-05-16
LINCOLN.NS,2026-05-16
LINDEINDIA.NS,2026-05-16
LLOYDSENGG.NS,2026-05-16
LLOYDSENT.NS,2026-05-16
LLOYDSME.NS,2026-05-16
LMW.NS,2026-05-16
LODHA.NS,2026-05-16
LOKESHMACH.NS,2026-05-16
LORDSCHLO.NS,2026-05-16
LOTUSDEV.NS,2026-05-16
LOTUSEYE.NS,2026-05-16
LOVABLE.NS,2026-05-16
LOYALTEX.NS,2026-05-16
LPDC.NS,2026-05-16
LT.NS,2026-05-16
LTF.NS,2026-05-16
LTFOODS.NS,2026-05-16
LTM.NS,2026-05-16
LTTS.NS,2026-05-16
LUMAXIND.NS,2026-05-16
LUMAXTECH.NS,2026-05-16
LUPIN.NS,2026-05-16
LUXIND.NS,2026-05-16
LXCHEM.NS,2026-05-16
LYKALABS.NS,2026-05-16
LYPSAGEMS.NS,2026-05-16
M&M.NS,2026-05-16
M&MFIN.NS,2026-05-16
MAANALU.NS,2026-05-16
MACPOWER.NS,2026-05-16
MADHAV.NS,2026-05-16
MADHAVIPL.NS,2026-05-16
MADHUCON.NS,2026-05-16
MADRASFERT.NS,2026-05-16
MAFATIND.NS,2026-05-16
MAGADSUGAR.NS,2026-05-16
MAGNUM.NS,2026-05-16
MAHABANK.NS,2026-05-16
MAHAPEXLTD.NS,2026-05-16
MAHASTEEL.NS,2026-05-16
MAHEPC.NS,2026-05-16
MAHESHWARI.NS,2026-05-16
MAHLIFE.NS,2026-05-16
MAHLOG.NS,2026-05-16
MAHSCOOTER.NS,2026-05-16
MAHSEAMLES.NS,2026-05-16
MAITHANALL.NS,2026-05-16
MAJESAUT.NS,2026-05-16
MALLCOM.NS,2026-05-16
MALUPAPER.NS,2026-05-16
MAMATA.NS,2026-05-16
MANAKALUCO.NS,2026-05-16
MANAKCOAT.NS,2026-05-16
MANAKSIA.NS,2026-05-16
MANAKSTEEL.NS,2026-05-16
MANALIPETC.NS,2026-05-16
MANAPPURAM.NS,2026-05-16
MANBA.NS,2026-05-16
MANCREDIT.NS,2026-05-16
MANGALAM.NS,2026-05-16
MANGLMCEM.NS,2026-05-16
MANINDS.NS,2026-05-16
MANINFRA.NS,2026-05-16
MANKIND.NS,2026-05-16
MANOMAY.NS,2026-05-16
MANORAMA.NS,2026-05-16
MANORG.NS,2026-05-16
MANUGRAPH.NS,2026-05-16
MANYAVAR.NS,2026-05-16
MAPMYINDIA.NS,2026-05-16
MARALOVER.NS,2026-05-16
MARATHON.NS,2026-05-16
MARICO.NS,2026-05-16
MARINE.NS,2026-05-16
MARKOLINES.NS,2026-05-16
MARKSANS.NS,2026-05-16
MARSONS.NS,2026-05-16
MARUTI.NS,2026-05-16
MASFIN.NS,2026-05-16
MASKINVEST.NS,2026-05-16
MASTEK.NS,2026-05-16
MASTERTR.NS,2026-05-16
MATRIMONY.NS,2026-05-16
MAWANASUG.NS,2026-05-16
MAXESTATES.NS,2026-05-16
MAXHEALTH.NS,2026-05-16
MAXIND.NS,2026-05-16
MAYURUNIQ.NS,2026-05-16
MAZDA.NS,2026-05-16
MAZDOCK.NS,2026-05-16
MBAPL.NS,2026-05-16
MBEL.NS,2026-05-16
MBLINFRA.NS,2026-05-16
MCCHRLS-B.NS,2026-05-16
MCL.NS,2026-05-16
MCLEODRUSS.NS,2026-05-16
MCLOUD.NS,2026-05-16
MCX.NS,2026-05-16
MEDANTA.NS,2026-05-16
MEDIASSIST.NS,2026-05-16
MEDICAMEQ.NS,2026-05-16
MEDICO.NS,2026-05-16
MEDPLUS.NS,2026-05-16
MEESHO.NS,2026-05-16
MEGASTAR.NS,2026-05-16
MEIL.NS,2026-05-16
MENNPIS.NS,2026-05-16
MENONBE.NS,2026-05-16
MEP.NS,2026-05-16
MERCANTILE.NS,2026-05-16
METROBRAND.NS,2026-05-16
METROGLOBL.NS,2026-05-16
METROPOLIS.NS,2026-05-16
MFML.NS,2026-05-16
MFSL.NS,2026-05-16
MGEL.NS,2026-05-16
MGL.NS,2026-05-16
MHLXMIRU.NS,2026-05-16
MHRIL.NS,2026-05-16
MICEL.NS,2026-05-16
MIDHANI.NS,2026-05-16
MIDWESTLTD.NS,2026-05-16
MINDACORP.NS,2026-05-16
MINDTECK.NS,2026-05-16
MIRCELECTR.NS,2026-05-16
MIRZAINT.NS,2026-05-16
MITCON.NS,2026-05-16
MITTAL.NS,2026-05-16
MKPL.NS,2026-05-16
MMFL.NS,2026-05-16
MMP.NS,2026-05-16
MMTC.NS,2026-05-16
MMWL.NS,2026-05-16
MOBIKWIK.NS,2026-05-16
MODINATUR.NS,2026-05-16
MODIRUBBER.NS,2026-05-16
MODIS.NS,2026-05-16
MODISONLTD.NS,2026-05-16
MODTHREAD.NS,2026-05-16
MOHITIND.NS,2026-05-16
MOIL.NS,2026-05-16
MOKSH.NS,2026-05-16
MOL.NS,2026-05-16
MOLDTECH.NS,2026-05-16
MOLDTKPAC.NS,2026-05-16
MONARCH.NS,2026-05-16
MONEYBOXX.NS,2026-05-16
MONTECARLO.NS,2026-05-16
MORARJEE.NS,2026-05-16
MOREPENLAB.NS,2026-05-16
MOSCHIP.NS,2026-05-16
MOTHERSON.NS,2026-05-16
MOTILALOFS.NS,2026-05-16
MOTISONS.NS,2026-05-16
MOTOGENFIN.NS,2026-05-16
MPHASIS.NS,2026-05-16
MPSLTD.NS,2026-05-16
MRF.NS,2026-05-16
MRPL.NS,2026-05-16
MSPL.NS,2026-05-16
MSTCLTD.NS,2026-05-16
MSUMI.NS,2026-05-16
MTARTECH.NS,2026-05-16
MTEDUCARE.NS,2026-05-16
MTNL.NS,2026-05-16
MUFIN.NS,2026-05-16
MUFTI.NS,2026-05-16
MUKANDLTD.NS,2026-05-16
MUKKA.NS,2026-05-16
MUKTAARTS.NS,2026-05-16
MUNJALAU.NS,2026-05-16
MUNJALSHOW.NS,2026-05-16
MURUDCERA.NS,2026-05-16
MUTHOOTCAP.NS,2026-05-16
MUTHOOTFIN.NS,2026-05-16
MUTHOOTMF.NS,2026-05-16
MVGJL.NS,2026-05-16
MWL.NS,2026-05-16
NACLIND.NS,2026-05-16
NAGAFERT.NS,2026-05-16
NAGREEKCAP.NS,2026-05-16
NAGREEKEXP.NS,2026-05-16
NAHARCAP.NS,2026-05-16
NAHARINDUS.NS,2026-05-16
NAHARPOLY.NS,2026-05-16
NAHARSPING.NS,2026-05-16
NAM-INDIA.NS,2026-05-16
NARMADA.NS,2026-05-16
NATCAPSUQ.NS,2026-05-16
NATCOPHARM.NS,2026-05-16
NATHBIOGEN.NS,2026-05-16
NATIONALUM.NS,2026-05-16
NATIONSTD.NS,2026-05-16
NAUKRI.NS,2026-05-16
NAVA.NS,2026-05-16
NAVINFLUOR.NS,2026-05-16
NAVKARCORP.NS,2026-05-16
NAVKARURB.NS,2026-05-16
NAVNETEDUL.NS,2026-05-16
NAZARA.NS,2026-05-16
NBCC.NS,2026-05-16
NBIFIN.NS,2026-05-16
NCC.NS,2026-05-16
NCLIND.NS,2026-05-16
NDGL.NS,2026-05-16
NDL.NS,2026-05-16
NDLVENTURE.NS,2026-05-16
NDRAUTO.NS,2026-05-16
NDTV.NS,2026-05-16
NEAGI.NS,2026-05-16
NECCLTD.NS,2026-05-16
NECLIFE.NS,2026-05-16
NELCAST.NS,2026-05-16
NELCO.NS,2026-05-16
NEOGEN.NS,2026-05-16
NEPHROPLUS.NS,2026-05-16
NESCO.NS,2026-05-16
NESTLEIND.NS,2026-05-16
NETWEB.NS,2026-05-16
NETWORK18.NS,2026-05-16
NEULANDLAB.NS,2026-05-16
NEWGEN.NS,2026-05-16
NEXTMEDIA.NS,2026-05-16
NFL.NS,2026-05-16
NGIL.NS,2026-05-16
NGLFINE.NS,2026-05-16
NH.NS,2026-05-16
NHPC.NS,2026-05-16
NIACL.NS,2026-05-16
NIBE.NS,2026-05-16
NIBL.NS,2026-05-16
NIITLTD.NS,2026-05-16
NIITMTS.NS,2026-05-16
NILAINFRA.NS,2026-05-16
NILASPACES.NS,2026-05-16
NILE.NS,2026-05-16
NILKAMAL.NS,2026-05-16
NIMBSPROJ.NS,2026-05-16
NINSYS.NS,2026-05-16
NIPPOBATRY.NS,2026-05-16
NIRAJ.NS,2026-05-16
NIRAJISPAT.NS,2026-05-16
NIRLON.NS,2026-05-16
NITCO.NS,2026-05-16
NITINSPIN.NS,2026-05-16
NITIRAJ.NS,2026-05-16
NITTAGELA.NS,2026-05-16
NIVABUPA.NS,2026-05-16
NKIND.NS,2026-05-16
NLCINDIA.NS,2026-05-16
NMDC.NS,2026-05-16
NOCIL.NS,2026-05-16
NOIDATOLL.NS,2026-05-16
NORBTEAEXP.NS,2026-05-16
NORTHARC.NS,2026-05-16
NOVAAGRI.NS,2026-05-16
NOVARTIND.NS,2026-05-16
NPST.NS,2026-05-16
NRAIL.NS,2026-05-16
NRBBEARING.NS,2026-05-16
NRL.NS,2026-05-16
NSIL.NS,2026-05-16
NSLNISP.NS,2026-05-16
NTPC.NS,2026-05-16
NTPCGREEN.NS,2026-05-16
NUCLEUS.NS,2026-05-16
NURECA.NS,2026-05-16
NUVAMA.NS,2026-05-16
NUVOCO.NS,2026-05-16
NYKAA.NS,2026-05-16
OAL.NS,2026-05-16
OBCL.NS,2026-05-16
OBEROIRLTY.NS,2026-05-16
OCCLLTD.NS,2026-05-16
ODIGMA.NS,2026-05-16
OFSS.NS,2026-05-16
OIL.NS,2026-05-16
OILCOUNTUB.NS,2026-05-16
OLAELEC.NS,2026-05-16
OLECTRA.NS,2026-05-16
OMAXAUTO.NS,2026-05-16
OMAXE.NS,2026-05-16
OMFREIGHT.NS,2026-05-16
OMINFRAL.NS,2026-05-16
OMNI.NS,2026-05-16
OMPOWER.NS,2026-05-16
ONELIFECAP.NS,2026-05-16
ONEPOINT.NS,2026-05-16
ONESOURCE.NS,2026-05-16
ONGC.NS,2026-05-16
ONMOBILE.NS,2026-05-16
ONWARDTEC.NS,2026-05-16
OPTIEMUS.NS,2026-05-16
ORBTEXP.NS,2026-05-16
ORCHASP.NS,2026-05-16
ORCHPHARMA.NS,2026-05-16
ORICONENT.NS,2026-05-16
ORIENTALTL.NS,2026-05-16
ORIENTBELL.NS,2026-05-16
ORIENTCEM.NS,2026-05-16
ORIENTCER.NS,2026-05-16
ORIENTELEC.NS,2026-05-16
ORIENTHOT.NS,2026-05-16
ORIENTLTD.NS,2026-05-16
ORIENTPPR.NS,2026-05-16
ORIENTTECH.NS,2026-05-16
ORISSAMINE.NS,2026-05-16
ORKLAINDIA.NS,2026-05-16
ORTEL.NS,2026-05-16
ORTINGLOBE.NS,2026-05-16
OSIAHYPER.NS,2026-05-16
OSWALAGRO.NS,2026-05-16
OSWALGREEN.NS,2026-05-16
OSWALPUMPS.NS,2026-05-16
OSWALSEEDS.NS,2026-05-16
PACEDIGITK.NS,2026-05-16
PAGEIND.NS,2026-05-16
PAISALO.NS,2026-05-16
PAKKA.NS,2026-05-16
PALASHSECU.NS,2026-05-16
PALREDTEC.NS,2026-05-16
PANACEABIO.NS,2026-05-16
PANACHE.NS,2026-05-16
PANAMAPET.NS,2026-05-16
PANSARI.NS,2026-05-16
PAR.NS,2026-05-16
PARACABLES.NS,2026-05-16
PARADEEP.NS,2026-05-16
PARAGMILK.NS,2026-05-16
PARAS.NS,2026-05-16
PARASPETRO.NS,2026-05-16
PARKHOSPS.NS,2026-05-16
PARKHOTELS.NS,2026-05-16
PARSVNATH.NS,2026-05-16
PASHUPATI.NS,2026-05-16
PASUPTAC.NS,2026-05-16
PATANJALI.NS,2026-05-16
PATELENG.NS,2026-05-16
PATELRMART.NS,2026-05-16
PATINTLOG.NS,2026-05-16
PAUSHAKLTD.NS,2026-05-16
PAVNAIND.NS,2026-05-16
PAYTM.NS,2026-05-16
PCBL.NS,2026-05-16
PCJEWELLER.NS,2026-05-16
PDMJEPAPER.NS,2026-05-16
PDSL.NS,2026-05-16
PEARLPOLY.NS,2026-05-16
PENIND.NS,2026-05-16
PENINLAND.NS,2026-05-16
PERSISTENT.NS,2026-05-16
PETRONET.NS,2026-05-16
PFC.NS,2026-05-16
PFIZER.NS,2026-05-16
PFOCUS.NS,2026-05-16
PFS.NS,2026-05-16
PGEL.NS,2026-05-16
PGHH.NS,2026-05-16
PGHL.NS,2026-05-16
PGIL.NS,2026-05-16
PHOENIXLTD.NS,2026-05-16
PICCADIL.NS,2026-05-16
PIDILITIND.NS,2026-05-16
PIGL.NS,2026-05-16
PIIND.NS,2026-05-16
PILANIINVS.NS,2026-05-16
PILITA.NS,2026-05-16
PINELABS.NS,2026-05-16
PIONEEREMB.NS,2026-05-16
PIONRINV.NS,2026-05-16
PIRAMALFIN.NS,2026-05-16
PITTIENG.NS,2026-05-16
PIXTRANS.NS,2026-05-16
PKTEA.NS,2026-05-16
PLASTIBLEN.NS,2026-05-16
PLATIND.NS,2026-05-16
PLAZACABLE.NS,2026-05-16
PML.NS,2026-05-16
PNB.NS,2026-05-16
PNBGILTS.NS,2026-05-16
PNBHOUSING.NS,2026-05-16
PNC.NS,2026-05-16
PNCINFRA.NS,2026-05-16
PNGJL.NS,2026-05-16
PNGSREVA.NS,2026-05-16
POCL.NS,2026-05-16
PODDARMENT.NS,2026-05-16
POKARNA.NS,2026-05-16
POLICYBZR.NS,2026-05-16
POLYCAB.NS,2026-05-16
POLYMED.NS,2026-05-16
POLYPLEX.NS,2026-05-16
PONNIERODE.NS,2026-05-16
POONAWALLA.NS,2026-05-16
POWERGRID.NS,2026-05-16
POWERICA.NS,2026-05-16
POWERINDIA.NS,2026-05-16
POWERMECH.NS,2026-05-16
PPAP.NS,2026-05-16
PPL.NS,2026-05-16
PPLPHARMA.NS,2026-05-16
PRABHA.NS,2026-05-16
PRADPME.NS,2026-05-16
PRAENG.NS,2026-05-16
PRAJIND.NS,2026-05-16
PRAKASH.NS,2026-05-16
PRAKASHSTL.NS,2026-05-16
PRAVEG.NS,2026-05-16
PRAXIS.NS,2026-05-16
PRECAM.NS,2026-05-16
PRECOT.NS,2026-05-16
PRECWIRE.NS,2026-05-16
PREMCO.NS,2026-05-16
PREMEXPLN.NS,2026-05-16
PREMIER.NS,2026-05-16
PREMIERENE.NS,2026-05-16
PREMIERPOL.NS,2026-05-16
PRESTIGE.NS,2026-05-16
PRICOLLTD.NS,2026-05-16
PRIMESECU.NS,2026-05-16
PRIMO.NS,2026-05-16
PRINCEPIPE.NS,2026-05-16
PRITI.NS,2026-05-16
PRITIKAUTO.NS,2026-05-16
PRIVISCL.NS,2026-05-16
PROSTARM.NS,2026-05-16
PROTEAN.NS,2026-05-16
PROZONER.NS,2026-05-16
PRSMJOHNSN.NS,2026-05-16
PRUDENT.NS,2026-05-16
PRUDMOULI.NS,2026-05-16
PSB.NS,2026-05-16
PSPPROJECT.NS,2026-05-16
PTC.NS,2026-05-16
PTCIL.NS,2026-05-16
PTL.NS,2026-05-16
PUNJABCHEM.NS,2026-05-16
PURVA.NS,2026-05-16
PVP.NS,2026-05-16
PVRINOX.NS,2026-05-16
PVSL.NS,2026-05-16
PWL.NS,2026-05-16
PYRAMID.NS,2026-05-16
QPOWER.NS,2026-05-16
QUADFUTURE.NS,2026-05-16
QUESS.NS,2026-05-16
QUICKHEAL.NS,2026-05-16
QUINT.NS,2026-05-16
RACE.NS,2026-05-16
RACLGEAR.NS,2026-05-16
RADAAN.NS,2026-05-16
RADHIKAJWE.NS,2026-05-16
RADIANTCMS.NS,2026-05-16
RADICO.NS,2026-05-16
RADIOCITY.NS,2026-05-16
RAILTEL.NS,2026-05-16
RAIN.NS,2026-05-16
RAINBOW.NS,2026-05-16
RAJESHEXPO.NS,2026-05-16
RAJMET.NS,2026-05-16
RAJOOENG.NS,2026-05-16
RAJPALAYAM.NS,2026-05-16
RAJRATAN.NS,2026-05-16
RAJRILTD.NS,2026-05-16
RAJSREESUG.NS,2026-05-16
RAJTV.NS,2026-05-16
RALLIS.NS,2026-05-16
RAMANEWS.NS,2026-05-16
RAMAPHO.NS,2026-05-16
RAMASTEEL.NS,2026-05-16
RAMCOCEM.NS,2026-05-16
RAMCOIND.NS,2026-05-16
RAMCOSYS.NS,2026-05-16
RAMKY.NS,2026-05-16
RAMRAT.NS,2026-05-16
RANASUG.NS,2026-05-16
RANEHOLDIN.NS,2026-05-16
RATEGAIN.NS,2026-05-16
RATNAMANI.NS,2026-05-16
RATNAVEER.NS,2026-05-16
RAYMOND.NS,2026-05-16
RAYMONDLSL.NS,2026-05-16
RAYMONDREL.NS,2026-05-16
RBA.NS,2026-05-16
RBLBANK.NS,2026-05-16
RBZJEWEL.NS,2026-05-16
RCF.NS,2026-05-16
RCOM.NS,2026-05-16
RECLTD.NS,2026-05-16
REDINGTON.NS,2026-05-16
REDTAPE.NS,2026-05-16
REFEX.NS,2026-05-16
REGAAL.NS,2026-05-16
REGENCERAM.NS,2026-05-16
RELAXO.NS,2026-05-16
RELCHEMQ.NS,2026-05-16
RELIABLE.NS,2026-05-16
RELIANCE.NS,2026-05-16
RELIGARE.NS,2026-05-16
RELTD.NS,2026-05-16
REMSONSIND.NS,2026-05-16
RENUKA.NS,2026-05-16
REPCOHOME.NS,2026-05-16
REPL.NS,2026-05-16
REPRO.NS,2026-05-16
RESPONIND.NS,2026-05-16
RETAIL.NS,2026-05-16
RGL.NS,2026-05-16
RHETAN.NS,2026-05-16
RHFL.NS,2026-05-16
RHIM.NS,2026-05-16
RHL.NS,2026-05-16
RICOAUTO.NS,2026-05-16
RIIL.NS,2026-05-16
RISHABH.NS,2026-05-16
RITCO.NS,2026-05-16
RITES.NS,2026-05-16
RKDL.NS,2026-05-16
RKEC.NS,2026-05-16
RKFORGE.NS,2026-05-16
RKSWAMY.NS,2026-05-16
RMC.NS,2026-05-16
RMDRIP.NS,2026-05-16
RML.NS,2026-05-16
RNBDENIMS.NS,2026-05-16
ROHLTD.NS,2026-05-16
ROLEXRINGS.NS,2026-05-16
ROLLT.NS,2026-05-16
ROML.NS,2026-05-16
ROSSARI.NS,2026-05-16
ROSSELLIND.NS,2026-05-16
ROSSTECH.NS,2026-05-16
ROTO.NS,2026-05-16
ROUTE.NS,2026-05-16
RPEL.NS,2026-05-16
RPGLIFE.NS,2026-05-16
RPOWER.NS,2026-05-16
RPPINFRA.NS,2026-05-16
RPPL.NS,2026-05-16
RPSGVENT.NS,2026-05-16
RPTECH.NS,2026-05-16
RRIL.NS,2026-05-16
RRKABEL.NS,2026-05-16
RSDFIN.NS,2026-05-16
RSL.NS,2026-05-16
RSSOFTWARE.NS,2026-05-16
RSWM.NS,2026-05-16
RSYSTEMS.NS,2026-05-16
RTNINDIA.NS,2026-05-16
RTNPOWER.NS,2026-05-16
RUBFILA.NS,2026-05-16
RUBICON.NS,2026-05-16
RUBYMILLS.NS,2026-05-16
RUCHINFRA.NS,2026-05-16
RUCHIRA.NS,2026-05-16
RUDRA.NS,2026-05-16
RUPA.NS,2026-05-16
RUSHIL.NS,2026-05-16
RUSTOMJEE.NS,2026-05-16
RVHL.NS,2026-05-16
RVNL.NS,2026-05-16
RVTH.NS,2026-05-16
S&SPOWER.NS,2026-05-16
SAATVIKGL.NS,2026-05-16
SADBHAV.NS,2026-05-16
SADBHIN.NS,2026-05-16
SADHNANIQ.NS,2026-05-16
SAFARI.NS,2026-05-16
SAGARDEEP.NS,2026-05-16
SAGCEM.NS,2026-05-16
SAGILITY.NS,2026-05-16
SAHLIBHFI.NS,2026-05-16
SAHYADRI.NS,2026-05-16
SAIL.NS,2026-05-16
SAILIFE.NS,2026-05-16
SAIPARENT.NS,2026-05-16
SAKAR.NS,2026-05-16
SAKHTISUG.NS,2026-05-16
SAKSOFT.NS,2026-05-16
SAKUMA.NS,2026-05-16
SALASAR.NS,2026-05-16
SALONA.NS,2026-05-16
SALSTEEL.NS,2026-05-16
SALZERELEC.NS,2026-05-16
SAMBHAAV.NS,2026-05-16
SAMBHV.NS,2026-05-16
SAMHI.NS,2026-05-16
SAMMAANCAP.NS,2026-05-16
SAMPANN.NS,2026-05-16
SANATHAN.NS,2026-05-16
SANCO.NS,2026-05-16
SANDESH.NS,2026-05-16
SANDHAR.NS,2026-05-16
SANDUMA.NS,2026-05-16
SANGAMIND.NS,2026-05-16
SANGHVIMOV.NS,2026-05-16
SANGINITA.NS,2026-05-16
SANOFI.NS,2026-05-16
SANOFICONR.NS,2026-05-16
SANSERA.NS,2026-05-16
SANSTAR.NS,2026-05-16
SANWARIA.NS,2026-05-16
SAPPHIRE.NS,2026-05-16
SAPPL.NS,2026-05-16
SARDAEN.NS,2026-05-16
SAREGAMA.NS,2026-05-16
SARLAPOLY.NS,2026-05-16
SARVESHWAR.NS,2026-05-16
SASKEN.NS,2026-05-16
SATIA.NS,2026-05-16
SATIN.NS,2026-05-16
SAURASHCEM.NS,2026-05-16
SAYAJIHOTL.NS,2026-05-16
SBC.NS,2026-05-16
SBCL.NS,2026-05-16
SBFC.NS,2026-05-16
SBGLP.NS,2026-05-16
SBICARD.NS,2026-05-16
SBILIFE.NS,2026-05-16
SBIN.NS,2026-05-16
SCANSTL.NS,2026-05-16
SCHAEFFLER.NS,2026-05-16
SCHAND.NS,2026-05-16
SCHNEIDER.NS,2026-05-16
SCI.NS,2026-05-16
SCILAL.NS,2026-05-16
SCODATUBES.NS,2026-05-16
SCPL.NS,2026-05-16
SDBL.NS,2026-05-16
SEAMECLTD.NS,2026-05-16
SECMARK.NS,2026-05-16
SECURKLOUD.NS,2026-05-16
SEDEMAC.NS,2026-05-16
SEIL.NS,2026-05-16
SEJALLTD.NS,2026-05-16
SELMC.NS,2026-05-16
SEMAC.NS,2026-05-16
SENCO.NS,2026-05-16
SENORES.NS,2026-05-16
SEPC.NS,2026-05-16
SERVOTECH.NS,2026-05-16
SESHAPAPER.NS,2026-05-16
SETCO.NS,2026-05-16
SETL.NS,2026-05-16
SEYAIND.NS,2026-05-16
SFL.NS,2026-05-16
SGFIN.NS,2026-05-16
SGIL.NS,2026-05-16
SGL.NS,2026-05-16
SGMART.NS,2026-05-16
SHADOWFAX.NS,2026-05-16
SHAH.NS,2026-05-16
SHAHALLOYS.NS,2026-05-16
SHAILY.NS,2026-05-16
SHAKTIPUMP.NS,2026-05-16
SHALBY.NS,2026-05-16
SHALPAINTS.NS,2026-05-16
SHANKARA.NS,2026-05-16
SHANTI.NS,2026-05-16
SHANTIGEAR.NS,2026-05-16
SHANTIGOLD.NS,2026-05-16
SHARDACROP.NS,2026-05-16
SHARDAMOTR.NS,2026-05-16
SHARDUL.NS,2026-05-16
SHAREINDIA.NS,2026-05-16
SHBAJRG.NS,2026-05-16
SHEKHAWATI.NS,2026-05-16
SHEMAROO.NS,2026-05-16
SHILCTECH.NS,2026-05-16
SHILPAMED.NS,2026-05-16
SHINDL.NS,2026-05-16
SHIVALIK.NS,2026-05-16
SHIVAMAUTO.NS,2026-05-16
SHIVAMILLS.NS,2026-05-16
SHIVATEX.NS,2026-05-16
SHIVAUM.NS,2026-05-16
SHK.NS,2026-05-16
SHOPERSTOP.NS,2026-05-16
SHRADHA.NS,2026-05-16
SHREDIGCEM.NS,2026-05-16
SHREECEM.NS,2026-05-16
SHREEJISPG.NS,2026-05-16
SHREEPUSHK.NS,2026-05-16
SHREERAMA.NS,2026-05-16
SHRENIK.NS,2026-05-16
SHREYANIND.NS,2026-05-16
SHRIKRISH.NS,2026-05-16
SHRINGARMS.NS,2026-05-16
SHRIPISTON.NS,2026-05-16
SHRIRAMFIN.NS,2026-05-16
SHRIRAMPPS.NS,2026-05-16
SHYAMCENT.NS,2026-05-16
SHYAMMETL.NS,2026-05-16
SHYAMTEL.NS,2026-05-16
SICAGEN.NS,2026-05-16
SICALLOG.NS,2026-05-16
SIEMENS.NS,2026-05-16
SIGACHI.NS,2026-05-16
SIGIND.NS,2026-05-16
SIGMA.NS,2026-05-16
SIGMAADV.NS,2026-05-16
SIGNATURE.NS,2026-05-16
SIGNPOST.NS,2026-05-16
SIKA.NS,2026-05-16
SIKKO.NS,2026-05-16
SIL.NS,2026-05-16
SILGO.NS,2026-05-16
SILINV.NS,2026-05-16
SILLYMONKS.NS,2026-05-16
SILVERTUC.NS,2026-05-16
SIMPLEXINF.NS,2026-05-16
SINCLAIR.NS,2026-05-16
SINDHUTRAD.NS,2026-05-16
SINGERIND.NS,2026-05-16
SINTERCOM.NS,2026-05-16
SIRCA.NS,2026-05-16
SIS.NS,2026-05-16
SITINET.NS,2026-05-16
SIYSIL.NS,2026-05-16
SJS.NS,2026-05-16
SJVN.NS,2026-05-16
SKFINDIA.NS,2026-05-16
SKFINDUS.NS,2026-05-16
SKIPPER.NS,2026-05-16
SKMEGGPROD.NS,2026-05-16
SKYGOLD.NS,2026-05-16
SMARTLINK.NS,2026-05-16
SMARTWORKS.NS,2026-05-16
SMCGLOBAL.NS,2026-05-16
SMLMAH.NS,2026-05-16
SMLT.NS,2026-05-16
SMSPHARMA.NS,2026-05-16
SNOWMAN.NS,2026-05-16
SOBHA.NS,2026-05-16
SOFTTECH.NS,2026-05-16
SOLARA.NS,2026-05-16
SOLARINDS.NS,2026-05-16
SOLARWORLD.NS,2026-05-16
SOLEX.NS,2026-05-16
SOMANYCERA.NS,2026-05-16
SOMATEX.NS,2026-05-16
SOMICONVEY.NS,2026-05-16
SONACOMS.NS,2026-05-16
SONAL.NS,2026-05-16
SONAMLTD.NS,2026-05-16
SONATSOFTW.NS,2026-05-16
SOTL.NS,2026-05-16
SOUTHBANK.NS,2026-05-16
SOUTHWEST.NS,2026-05-16
SPAL.NS,2026-05-16
SPANDANA.NS,2026-05-16
SPARC.NS,2026-05-16
SPCENET.NS,2026-05-16
SPECIALITY.NS,2026-05-16
SPECTRUM.NS,2026-05-16
SPENCERS.NS,2026-05-16
SPIC.NS,2026-05-16
SPLIL.NS,2026-05-16
SPLPETRO.NS,2026-05-16
SPMLINFRA.NS,2026-05-16
SPORTKING.NS,2026-05-16
SRD.NS,2026-05-16
SREEL.NS,2026-05-16
SRF.NS,2026-05-16
SRGHFL.NS,2026-05-16
SRHHYPOLTD.NS,2026-05-16
SRM.NS,2026-05-16
SRTL.NS,2026-05-16
SSDL.NS,2026-05-16
SSWL.NS,2026-05-16
STALLION.NS,2026-05-16
STANLEY.NS,2026-05-16
STAR.NS,2026-05-16
STARCEMENT.NS,2026-05-16
STARHEALTH.NS,2026-05-16
STARPAPER.NS,2026-05-16
STARTECK.NS,2026-05-16
STCINDIA.NS,2026-05-16
STEELCAS.NS,2026-05-16
STEELCITY.NS,2026-05-16
STEELXIND.NS,2026-05-16
STEL.NS,2026-05-16
STERTOOLS.NS,2026-05-16
STLNETWORK.NS,2026-05-16
STLTECH.NS,2026-05-16
STOVEKRAFT.NS,2026-05-16
STUDDS.NS,2026-05-16
STYL.NS,2026-05-16
STYLAMIND.NS,2026-05-16
STYLEBAAZA.NS,2026-05-16
STYRENIX.NS,2026-05-16
SUBEXLTD.NS,2026-05-16
SUBROS.NS,2026-05-16
SUDARCOLOR.NS,2026-05-16
SUDARSCHEM.NS,2026-05-16
SUDEEPPHRM.NS,2026-05-16
SUKHJITS.NS,2026-05-16
SULA.NS,2026-05-16
SUMEETINDS.NS,2026-05-16
SUMICHEM.NS,2026-05-16
SUMIT.NS,2026-05-16
SUMMITSEC.NS,2026-05-16
SUNCLAY.NS,2026-05-16
SUNDARAM.NS,2026-05-16
SUNDARMFIN.NS,2026-05-16
SUNDRMBRAK.NS,2026-05-16
SUNDRMFAST.NS,2026-05-16
SUNDROP.NS,2026-05-16
SUNFLAG.NS,2026-05-16
SUNPHARMA.NS,2026-05-16
SUNTECK.NS,2026-05-16
SUNTV.NS,2026-05-16
SUPERHOUSE.NS,2026-05-16
SUPERSPIN.NS,2026-05-16
SUPRAJIT.NS,2026-05-16
SUPREME.NS,2026-05-16
SUPREMEENG.NS,2026-05-16
SUPREMEIND.NS,2026-05-16
SUPREMEINF.NS,2026-05-16
SUPRIYA.NS,2026-05-16
SURAJEST.NS,2026-05-16
SURAJLTD.NS,2026-05-16
SURAKSHA.NS,2026-05-16
SURANASOL.NS,2026-05-16
SURANAT&P.NS,2026-05-16
SURYALA.NS,2026-05-16
SURYALAXMI.NS,2026-05-16
SURYAROSNI.NS,2026-05-16
SURYODAY.NS,2026-05-16
SUTLEJTEX.NS,2026-05-16
SUVEN.NS,2026-05-16
SUVIDHAA.NS,2026-05-16
SUYOG.NS,2026-05-16
SUZLON.NS,2026-05-16
SVLL.NS,2026-05-16
SVPGLOB.NS,2026-05-16
SWANCORP.NS,2026-05-16
SWANDEF.NS,2026-05-16
SWARAJENG.NS,2026-05-16
SWELECTES.NS,2026-05-16
SWIGGY.NS,2026-05-16
SWSOLAR.NS,2026-05-16
SYMPHONY.NS,2026-05-16
SYNCOMF.NS,2026-05-16
SYNGENE.NS,2026-05-16
SYRMA.NS,2026-05-16
SYSTMTXC.NS,2026-05-16
TAALTECH.NS,2026-05-16
TAINWALCHM.NS,2026-05-16
TAJGVK.NS,2026-05-16
TAKE.NS,2026-05-16
TALBROAUTO.NS,2026-05-16
TAMBOLIIN.NS,2026-05-16
TANLA.NS,2026-05-16
TARACHAND.NS,2026-05-16
TARAPUR.NS,2026-05-16
TARC.NS,2026-05-16
TARIL.NS,2026-05-16
TARMAT.NS,2026-05-16
TARSONS.NS,2026-05-16
TASTYBITE.NS,2026-05-16
TATACAP.NS,2026-05-16
TATACHEM.NS,2026-05-16
TATACOMM.NS,2026-05-16
TATACONSUM.NS,2026-05-16
TATAELXSI.NS,2026-05-16
TATAINVEST.NS,2026-05-16
TATAPOWER.NS,2026-05-16
TATASTEEL.NS,2026-05-16
TATATECH.NS,2026-05-16
TATVA.NS,2026-05-16
TBOTEK.NS,2026-05-16
TBZ.NS,2026-05-16
TCC.NS,2026-05-16
TCI.NS,2026-05-16
TCIEXP.NS,2026-05-16
TCIFINANCE.NS,2026-05-16
TCPLPACK.NS,2026-05-16
TCS.NS,2026-05-16
TDPOWERSYS.NS,2026-05-16
TEAMGTY.NS,2026-05-16
TEAMLEASE.NS,2026-05-16
TECHM.NS,2026-05-16
TECHNOE.NS,2026-05-16
TECHNVISN.NS,2026-05-16
TECILCHEM.NS,2026-05-16
TEGA.NS,2026-05-16
TEJASNET.NS,2026-05-16
TEMBO.NS,2026-05-16
TENNIND.NS,2026-05-16
TERASOFT.NS,2026-05-16
TEXINFRA.NS,2026-05-16
TEXMOPIPES.NS,2026-05-16
TEXRAIL.NS,2026-05-16
TFCILTD.NS,2026-05-16
TFL.NS,2026-05-16
TGBHOTELS.NS,2026-05-16
THACKER.NS,2026-05-16
THAKDEV.NS,2026-05-16
THANGAMAYL.NS,2026-05-16
THEINVEST.NS,2026-05-16
THEJO.NS,2026-05-16
THELEELA.NS,2026-05-16
THEMISMED.NS,2026-05-16
THERMAX.NS,2026-05-16
THOMASCOOK.NS,2026-05-16
THOMASCOTT.NS,2026-05-16
THYROCARE.NS,2026-05-16
TI.NS,2026-05-16
TICL.NS,2026-05-16
TIGERLOGS.NS,2026-05-16
TIIL.NS,2026-05-16
TIINDIA.NS,2026-05-16
TIJARIA.NS,2026-05-16
TIL.NS,2026-05-16
TIMETECHNO.NS,2026-05-16
TIMEX.NS,2026-05-16
TIMKEN.NS,2026-05-16
TINNARUBR.NS,2026-05-16
TIPSFILMS.NS,2026-05-16
TIPSMUSIC.NS,2026-05-16
TIRUMALCHM.NS,2026-05-16
TIRUPATIFL.NS,2026-05-16
TITAGARH.NS,2026-05-16
TITAN.NS,2026-05-16
TMB.NS,2026-05-16
TMCV.NS,2026-05-16
TMPV.NS,2026-05-16
TNPETRO.NS,2026-05-16
TNPL.NS,2026-05-16
TNTELE.NS,2026-05-16
TOKYOPLAST.NS,2026-05-16
TOLINS.NS,2026-05-16
TORNTPHARM.NS,2026-05-16
TORNTPOWER.NS,2026-05-16
TOTAL.NS,2026-05-16
TOUCHWOOD.NS,2026-05-16
TPHQ.NS,2026-05-16
TPLPLASTEH.NS,2026-05-16
TRACXN.NS,2026-05-16
TRANSPEK.NS,2026-05-16
TRANSRAILL.NS,2026-05-16
TRANSWORLD.NS,2026-05-16
TRAVELFOOD.NS,2026-05-16
TREEHOUSE.NS,2026-05-16
TREJHARA.NS,2026-05-16
TREL.NS,2026-05-16
TRENT.NS,2026-05-16
TRF.NS,2026-05-16
TRIDENT.NS,2026-05-16
TRIGYN.NS,2026-05-16
TRITURBINE.NS,2026-05-16
TRIVENI.NS,2026-05-16
TRU.NS,2026-05-16
TRUALT.NS,2026-05-16
TSFINV.NS,2026-05-16
TTKHLTCARE.NS,2026-05-16
TTKPRESTIG.NS,2026-05-16
TTL.NS,2026-05-16
TTML.NS,2026-05-16
TVSELECT.NS,2026-05-16
TVSHLTD.NS,2026-05-16
TVSMOTOR.NS,2026-05-16
TVSSCS.NS,2026-05-16
TVSSRICHAK.NS,2026-05-16
TVTODAY.NS,2026-05-16
TVVISION.NS,2026-05-16
UBL.NS,2026-05-16
UCAL.NS,2026-05-16
UCOBANK.NS,2026-05-16
UDS.NS,2026-05-16
UEL.NS,2026-05-16
UFBL.NS,2026-05-16
UFLEX.NS,2026-05-16
UFO.NS,2026-05-16
UGARSUGAR.NS,2026-05-16
UGROCAP.NS,2026-05-16
UJJIVANSFB.NS,2026-05-16
ULTRACEMCO.NS,2026-05-16
ULTRAMAR.NS,2026-05-16
UMAEXPORTS.NS,2026-05-16
UMESLTD.NS,2026-05-16
UMIYA-MRO.NS,2026-05-16
UNICHEMLAB.NS,2026-05-16
UNIDT.NS,2026-05-16
UNIECOM.NS,2026-05-16
UNIENTER.NS,2026-05-16
UNIINFO.NS,2026-05-16
UNIMECH.NS,2026-05-16
UNIONBANK.NS,2026-05-16
UNIPARTS.NS,2026-05-16
UNITDSPR.NS,2026-05-16
UNITECH.NS,2026-05-16
UNITEDPOLY.NS,2026-05-16
UNITEDTEA.NS,2026-05-16
UNIVASTU.NS,2026-05-16
UNIVCABLES.NS,2026-05-16
UNIVPHOTO.NS,2026-05-16
UNOMINDA.NS,2026-05-16
UPL.NS,2026-05-16
URAVIDEF.NS,2026-05-16
URBANCO.NS,2026-05-16
URJA.NS,2026-05-16
USHAMART.NS,2026-05-16
USK.NS,2026-05-16
UTIAMC.NS,2026-05-16
UTKARSHBNK.NS,2026-05-16
UTLSOLAR.NS,2026-05-16
UTTAMSUGAR.NS,2026-05-16
UYFINCORP.NS,2026-05-16
V2RETAIL.NS,2026-05-16
VADILALIND.NS,2026-05-16
VAIBHAVGBL.NS,2026-05-16
VAISHALI.NS,2026-05-16
VAKRANGEE.NS,2026-05-16
VALIANTLAB.NS,2026-05-16
VALIANTORG.NS,2026-05-16
VARDHACRLC.NS,2026-05-16
VARDMNPOLY.NS,2026-05-16
VARROC.NS,2026-05-16
VASCONEQ.NS,2026-05-16
VASWANI.NS,2026-05-16
VBL.NS,2026-05-16
VCL.NS,2026-05-16
VEDL.NS,2026-05-16
VEEDOL.NS,2026-05-16
VELJAN.NS,2026-05-16
VENKEYS.NS,2026-05-16
VENTIVE.NS,2026-05-16
VENUSPIPES.NS,2026-05-16
VENUSREM.NS,2026-05-16
VERANDA.NS,2026-05-16
VERTOZ.NS,2026-05-16
VESUVIUS.NS,2026-05-16
VETO.NS,2026-05-16
VGL.NS,2026-05-16
VGUARD.NS,2026-05-16
VHL.NS,2026-05-16
VHLTD.NS,2026-05-16
VIDHIING.NS,2026-05-16
VIDYAWIRES.NS,2026-05-16
VIJAYA.NS,2026-05-16
VIJIFIN.NS,2026-05-16
VIKASECO.NS,2026-05-16
VIKASLIFE.NS,2026-05-16
VIKRAMSOLR.NS,2026-05-16
VIKRAN.NS,2026-05-16
VIMTALABS.NS,2026-05-16
VINATIORGA.NS,2026-05-16
VINCOFE.NS,2026-05-16
VINDHYATEL.NS,2026-05-16
VINEETLAB.NS,2026-05-16
VINNY.NS,2026-05-16
VINYLINDIA.NS,2026-05-16
VIPCLOTHNG.NS,2026-05-16
VIPIND.NS,2026-05-16
VIPULLTD.NS,2026-05-16
VIRINCHI.NS,2026-05-16
VISAKAIND.NS,2026-05-16
VISASTEEL.NS,2026-05-16
VISHNU.NS,2026-05-16
VISHWARAJ.NS,2026-05-16
VITAL.NS,2026-05-16
VIVIDHA.NS,2026-05-16
VIVIMEDLAB.NS,2026-05-16
VIYASH.NS,2026-05-16
VLEGOV.NS,2026-05-16
VLSFINANCE.NS,2026-05-16
VMART.NS,2026-05-16
VMM.NS,2026-05-16
VMSTMT.NS,2026-05-16
VOLTAMP.NS,2026-05-16
VOLTAS.NS,2026-05-16
VPRPL.NS,2026-05-16
VRAJ.NS,2026-05-16
VRLLOG.NS,2026-05-16
VSSL.NS,2026-05-16
VSTIND.NS,2026-05-16
VSTL.NS,2026-05-16
VSTTILLERS.NS,2026-05-16
VTL.NS,2026-05-16
WAAREEENER.NS,2026-05-16
WAAREEINDO.NS,2026-05-16
WAAREERTL.NS,2026-05-16
WABAG.NS,2026-05-16
WAKEFIT.NS,2026-05-16
WALCHANNAG.NS,2026-05-16
WANBURY.NS,2026-05-16
WCIL.NS,2026-05-16
WEALTH.NS,2026-05-16
WEBELSOLAR.NS,2026-05-16
WEIZMANIND.NS,2026-05-16
WEL.NS,2026-05-16
WELCORP.NS,2026-05-16
WELENT.NS,2026-05-16
WELINV.NS,2026-05-16
WELSPLSOL.NS,2026-05-16
WELSPUNLIV.NS,2026-05-16
WENDT.NS,2026-05-16
WESTLIFE.NS,2026-05-16
WEWIN.NS,2026-05-16
WEWORK.NS,2026-05-16
WHEELS.NS,2026-05-16
WHIRLPOOL.NS,2026-05-16
WILLAMAGOR.NS,2026-05-16
WIMPLAST.NS,2026-05-16
WINDLAS.NS,2026-05-16
WINDMACHIN.NS,2026-05-16
WINSOME.NS,2026-05-16
WIPL.NS,2026-05-16
WIPRO.NS,2026-05-16
WOCKPHARMA.NS,2026-05-16
WONDERLA.NS,2026-05-16
WORTHPERI.NS,2026-05-16
WPIL.NS,2026-05-16
WSI.NS,2026-05-16
WSTCSTPAPR.NS,2026-05-16
XCHANGING.NS,2026-05-16
XELPMOC.NS,2026-05-16
XPROINDIA.NS,2026-05-16
XTGLOBAL.NS,2026-05-16
YASHO.NS,2026-05-16
YATHARTH.NS,2026-05-16
YATRA.NS,2026-05-16
YESBANK.NS,2026-05-16
YUKEN.NS,2026-05-16
ZAGGLE.NS,2026-05-16
ZEEL.NS,2026-05-16
ZEELEARN.NS,2026-05-16
ZEEMEDIA.NS,2026-05-16
ZENITHEXPO.NS,2026-05-16
ZENITHSTL.NS,2026-05-16
ZENSARTECH.NS,2026-05-16
ZENTEC.NS,2026-05-16
ZFCVINDIA.NS,2026-05-16
ZFSTEERING.NS,2026-05-16
ZIMLAB.NS,2026-05-16
ZODIAC.NS,2026-05-16
ZODIACLOTH.NS,2026-05-16
ZOTA.NS,2026-05-16
ZSARACOM.NS,2026-05-16
ZUARI.NS,2026-05-16
ZUARIIND.NS,2026-05-16
ZYDUSLIFE.NS,2026-05-16
ZYDUSWELL.NS,2026-05-16
